year_built,tax_assessment,finished_sq_ft,bathroom_count,bedroom_count,total_room_count,last_sold_price,zestimate_amount,valuation_low,valuation_high,percentile,page_view_count,image_count
80,509852.0,1771,2.0,4.0,8.0,620000,634850,603108,666592,71,2603,1
20,454000.0,2319,2.0,4.0,9.0,689000,739485,643352,835618,40,812,31
40,360689.0,1485,2.0,3.0,10.0,721000,742756,705618,779894,31,1657,21
40,288470.0,2440,2.0,4.0,9.0,1500000,1480270,1347046,1746719,51,1516,0
60,511615.0,1023,1.0,2.0,6.0,779000,751601,691473,796697,26,1559,0
40,677590.0,1677,2.0,3.0,8.0,1100000,1153676,1026772,1222897,32,935,0
80,269080.0,1571,3.0,2.0,2.0,400000,492718,413883,556771,67,1203,1
40,1426340.0,4107,3.5,4.0,7.0,4375000,7175755,4377211,10620117,97,6542,0
80,550104.0,2429,2.5,4.0,9.0,2350000,2201514,1981363,2355620,57,2655,5
80,496966.0,2425,3.0,4.0,8.0,875000,885120,840864,929376,70,2079,0
40,346440.0,1890,1.0,4.0,8.0,359500,449537,418069,498986,70,77,1
80,838200.0,2003,2.0,4.0,9.0,985000,1004093,913725,1084420,78,1575,29
60,402266.0,3225,4.0,5.0,10.0,1772500,1800718,1638653,1962783,80,1853,50
80,1009140.0,2673,3.0,5.0,10.0,1426000,1298453,1129654,1428298,85,1721,5
60,55681.0,897,1.0,2.0,5.0,1332000,1071283,932016,1178411,28,2325,0
100,1046700.0,3868,6.0,6.0,11.0,2500000,2461674,2117040,2707841,95,3944,21
100,461358.0,1760,3.0,3.0,7.0,725000,696871,655059,766558,62,1657,15
40,691000.0,2474,3.0,6.0,10.0,690000,683464,649291,758645,64,1156,0
80,486100.0,1248,3.0,3.0,6.0,605000,572762,538396,624311,7,2077,78
60,79880.0,1450,2.0,3.0,6.0,650000,677652,630216,731864,41,1550,73
80,167000.0,1650,2.0,4.0,11.0,251000,261020,237528,281902,47,4790,19
100,1062000.0,3338,4.0,5.0,11.0,1250000,1383446,1300439,1466453,90,2104,50
60,397442.0,874,1.0,2.0,5.0,681000,671705,611252,732158,40,677,5
80,403759.0,1376,2.0,3.0,7.0,643500,674506,620546,741957,37,3388,7
80,243112.0,1368,2.0,3.0,7.0,720000,685401,637423,719671,48,1526,76
60,63745.0,967,2.0,3.0,5.0,830000,865527,727043,995356,18,2686,0
40,437564.0,2060,3.0,4.0,8.0,770000,845257,794542,921330,47,6348,0
20,337480.0,1100,2.0,2.0,4.0,520000,496577,466782,526372,36,21110,1
60,97518.0,2246,2.5,4.0,8.0,1199000,1196520,1076868,1268311,79,1194,5
80,639000.0,1652,2.0,4.0,7.0,806000,777115,738259,815971,43,2433,0
60,954006.0,2696,2.5,4.0,9.0,2250000,1957494,1781320,2153243,34,1503,24
40,303246.0,2550,3.0,3.0,11.0,2050000,2780963,1529530,4088016,38,2696,1
80,109998.0,2039,2.5,6.0,10.0,1700000,1441763,1369675,1557104,46,3102,19
80,92638.0,1625,2.0,4.0,9.0,1020000,1094018,1039317,1148719,68,2187,5
100,829175.0,2923,3.0,4.0,4.0,2650000,2509510,2208369,2760461,74,1288,0
60,117408.0,1697,2.0,4.0,8.0,1530000,1624765,1446041,1819737,38,1777,21
40,249000.0,2490,2.0,4.0,9.0,1156000,1132958,1030992,1257583,82,3929,71
60,550000.0,1400,2.0,3.0,6.0,751000,716173,673203,794952,82,822,12
40,2207300.0,3400,3.0,5.0,13.0,3550000,4596683,4182982,5194252,88,8657,19
60,992939.0,2214,3.0,3.0,7.0,1400000,1180007,1097407,1286208,87,1804,25
80,737595.0,1552,2.5,3.0,6.0,760000,853978,777120,922296,11,6239,10
60,84013.0,1657,2.0,4.0,7.0,1175000,1358583,1249896,1480855,58,3200,0
100,738143.0,3201,3.0,4.0,9.0,1295000,1200687,1116639,1272728,91,873,48
80,264180.0,763,1.0,1.0,4.0,394500,410276,369248,434893,2,1279,0
80,1109750.0,1640,2.0,3.0,7.0,1330000,1404925,1264433,1545417,66,6072,16
20,677000.0,2430,3.5,4.0,10.0,1175000,1113929,1013675,1203043,91,1446,17
60,389295.0,1856,2.0,4.0,7.0,1501000,1420979,1293091,1548867,78,1522,0
100,387270.0,1290,2.5,3.0,6.0,1055000,1086187,988430,1216529,28,5148,1
20,164923.0,1150,1.0,2.0,5.0,915000,864499,760759,1002819,7,1338,0
40,87571.0,2050,3.5,3.0,9.0,990000,1350816,1161702,1526422,60,877,4
40,81555.0,1638,2.0,3.0,9.0,1175000,960038,912036,1075243,21,1267,2
40,332826.0,1358,2.0,2.0,6.0,1106000,1055331,907585,1181971,26,1976,7
60,42221.0,1257,1.0,2.0,2.0,55000,77243,67201,85740,17,832,1
40,700206.0,1017,1.0,2.0,6.0,1690000,1473508,1281952,1561918,45,1198,0
80,772470.0,2231,2.5,4.0,9.0,1350000,1188864,1093755,1283973,90,2318,6
40,125291.0,1262,1.0,3.0,6.0,620000,675864,635312,723174,31,3692,5
80,80441.0,1507,2.0,3.0,7.0,775000,735393,691269,772163,39,814,35
60,1923920.0,3070,3.0,4.0,9.0,2155000,1932712,1720114,2164637,84,2203,5
40,143929.0,1712,2.0,2.0,5.0,260000,330770,307616,350616,53,1657,1
40,174112.0,1768,1.5,3.0,8.0,1226000,1112644,912368,1290667,38,1807,30
40,65780.0,968,1.0,2.0,5.0,905000,928385,742708,1011940,16,2380,30
60,79507.0,1314,2.0,3.0,8.0,1851000,1827555,1589973,1992035,66,913,0
100,903980.0,1671,3.0,4.0,8.0,1085000,950579,874533,1026625,72,895,17
60,407380.0,1151,1.0,3.0,5.0,1170000,1050936,924824,1208576,19,1288,25
60,179911.0,1440,2.0,3.0,6.0,1010000,1074656,934951,1235854,82,1590,18
40,562310.0,1700,2.0,3.0,6.0,598000,665114,625207,744928,71,3285,3
100,462776.0,3458,3.0,4.0,4.0,590000,871393,749398,958532,79,4708,6
80,773941.0,2625,2.0,3.0,11.0,1675000,2047191,1760584,2292854,54,6379,24
100,147248.0,1700,2.0,4.0,11.0,407000,392169,345109,427464,44,10527,51
100,600220.0,1659,3.0,3.0,3.0,830000,857736,771962,909200,90,471,10
60,40853.0,1056,1.0,3.0,5.0,380000,424353,394648,458301,27,6494,75
80,586500.0,2100,4.0,3.0,9.0,600000,730508,657457,825474,49,5162,14
80,138833.0,1572,2.0,4.0,8.0,743000,737089,692864,788685,24,1836,0
40,823000.0,2750,3.0,6.0,12.0,872000,916635,870803,962467,86,1443,0
20,326890.0,2010,4.0,4.0,7.0,860000,604995,556595,671544,60,927,1
40,47794.0,1287,2.0,3.0,6.0,1280000,1246119,1146429,1395653,47,3567,14
80,639550.0,994,2.0,2.0,4.0,882000,833503,758488,933523,10,8040,7
60,105431.0,2122,2.0,3.0,9.0,897000,905012,832611,986463,58,880,17
40,720090.0,2800,4.0,4.0,13.0,850000,934402,803586,1074562,94,2812,12
80,381597.0,1154,2.0,2.0,5.0,831000,819363,729233,860331,9,8440,27
40,77800.0,1418,1.0,3.0,7.0,1368000,810745,745885,867497,24,742,24
80,522871.0,1470,2.0,4.0,8.0,645000,698748,656823,740673,51,4222,17
40,44948.0,1500,2.0,3.0,8.0,818182,717946,660510,796920,27,2630,22
60,36971.0,1061,2.0,3.0,3.0,45000,78383,71329,87005,16,1031,2
80,247236.0,1977,2.5,4.0,8.0,1505000,1359913,1237521,1468706,56,972,25
80,299970.0,2024,2.0,3.0,7.0,2093000,2121237,1993963,2312148,80,1529,1
60,83818.0,1370,2.0,3.0,8.0,2100000,1725540,1604752,1863583,61,1135,24
60,401546.0,1064,1.0,3.0,6.0,750500,789928,726734,884719,43,579,3
40,209932.0,1488,3.0,3.0,6.0,825000,757987,689768,826206,58,3236,33
60,499000.0,1220,2.0,4.0,6.0,635000,631335,580828,681842,38,4337,18
20,1155480.0,1900,4.0,7.0,12.0,735000,1886548,1641297,2131799,66,1835,0
40,768623.0,1134,1.0,2.0,4.0,1100000,1042844,834275,1167985,29,3875,37
20,816220.0,2495,3.5,5.0,9.0,1050000,1052202,946982,1157422,96,273,1
40,1240000.0,2945,2.0,3.0,9.0,1300000,1530133,1315914,1774954,53,1912,23
60,279000.0,1400,2.0,5.0,8.0,450000,407584,374977,440191,30,1702,15
40,199057.0,1270,2.0,3.0,5.0,446000,432357,402092,458298,42,16030,52
80,340995.0,2150,3.0,3.0,7.0,912500,1093935,1017360,1192389,71,5995,45
40,37258.0,1150,1.0,2.0,5.0,1280000,1242974,1093817,1416990,69,683,0
60,632745.0,1951,2.0,3.0,8.0,1002000,985252,926137,1054220,61,1194,25
40,1216230.0,1515,2.0,2.0,5.0,1370000,1412196,1200367,1595781,28,5492,25
80,79694.0,1907,2.5,3.0,9.0,650000,694297,659582,735955,81,1810,6
100,1042180.0,2743,3.0,4.0,11.0,1400000,1360488,1238044,1469327,88,1552,23
80,634000.0,1830,2.0,4.0,5.0,900000,878206,816732,966027,46,2187,4
100,936627.0,3338,4.0,5.0,10.0,1075000,1063490,989046,1116664,85,1355,24
40,53234.0,1112,1.0,2.0,5.0,800000,813090,739912,861875,35,1987,17
60,265972.0,1048,1.0,3.0,5.0,888000,961537,884614,1057691,15,3065,8
40,81587.0,3054,2.0,4.0,13.0,725000,1111496,1000346,1244876,80,705,1
60,68439.0,1214,1.0,3.0,7.0,1320000,1154939,1027896,1293532,40,823,0
60,629845.0,1519,1.5,3.0,6.0,745000,766158,712527,804466,59,2857,0
60,337039.0,1335,1.0,3.0,7.0,816000,796000,740280,835800,65,1802,0
80,550640.0,1280,2.0,2.0,6.0,700000,661847,608899,714795,65,1380,1
80,437000.0,1470,3.0,3.0,3.0,576000,548004,504164,580884,26,1647,18
80,294270.0,2371,2.5,4.0,8.0,2359500,2302084,1956771,2532292,39,2982,14
40,36919.0,2706,3.5,4.0,8.0,2025000,1453540,1264580,1642500,78,3554,37
80,61115.0,1172,2.0,3.0,5.0,760000,834175,742416,909251,10,2392,3
80,609235.0,1830,2.0,3.0,9.0,1110000,987343,918229,1066330,24,12685,18
40,1019710.0,1400,2.0,3.0,12.0,2360000,1975324,1698779,2251869,33,619,0
60,823000.0,1234,2.0,3.0,6.0,1180000,1091906,993634,1201097,37,1281,29
100,588065.0,1671,3.0,3.0,7.0,730000,748606,703690,786036,59,2235,0
80,713794.0,2002,2.0,3.0,7.0,1175000,1047670,900996,1131484,65,4376,5
80,246185.0,1700,3.0,4.0,7.0,730000,696114,647386,765725,62,1018,1
80,128314.0,1697,2.5,3.0,6.0,159000,152652,141966,169444,28,784,17
100,688577.0,3392,3.0,4.0,4.0,1175000,1192575,977912,1347610,86,3570,1
20,547000.0,3360,3.0,7.0,17.0,630000,1051412,935757,1177581,85,1069,2
80,595680.0,1710,3.0,3.0,8.0,835000,853226,776436,921484,47,1600,9
80,773715.0,1972,2.0,4.0,8.0,1655000,1626632,1529034,1740496,87,2065,5
80,1330040.0,2170,2.0,3.0,8.0,1715000,1804727,1624254,1985200,80,3619,24
60,120619.0,1800,3.0,4.0,7.0,206000,337651,310639,357910,54,2828,19
40,511049.0,1000,1.0,1.0,5.0,866000,827377,686723,910115,33,1348,58
60,247401.0,1611,2.0,3.0,6.0,855000,848907,806462,899841,77,2505,28
80,231061.0,1200,1.0,3.0,5.0,1000500,1112526,1001273,1201528,23,2081,11
60,262076.0,1633,2.0,2.0,7.0,1760000,1532408,1333195,1762269,56,2758,24
20,3740000.0,3350,3.5,4.0,14.0,3150000,4172633,3338106,4965433,90,6789,0
100,989640.0,3100,3.0,4.0,10.0,2500000,2624233,2388052,2886656,78,3940,0
80,293909.0,2195,2.0,4.0,8.0,1510000,1359113,1182428,1576571,97,931,0
40,68622.0,1645,2.0,2.0,6.0,1020000,1016903,844029,1169438,58,8243,26
80,946990.0,2734,4.0,4.0,9.0,1920000,2162162,1967567,2335135,91,4638,36
100,590398.0,1786,3.0,4.0,8.0,1369000,1303146,1224957,1381335,48,1546,23
60,1746570.0,2519,2.5,4.0,10.0,2850000,2463335,1995301,2906735,72,1336,23
60,504558.0,1000,1.0,3.0,5.0,600000,606419,557905,648868,26,1648,1
80,347542.0,2683,2.0,3.0,6.0,500000,525431,488651,562211,87,1504,21
60,71621.0,1502,3.0,4.0,7.0,682500,679476,638707,733834,14,1920,2
80,540600.0,1796,3.0,3.0,8.0,745000,782846,743704,853302,29,9492,27
60,97058.0,2091,3.0,4.0,7.0,1600000,1524187,1387010,1661364,54,1622,12
80,1643830.0,4018,4.0,4.0,15.0,2670000,2513915,2187106,2840724,97,989,0
60,293290.0,1312,2.0,3.0,5.0,1800000,1851573,1647900,1962667,67,508,0
80,755774.0,1440,2.0,3.0,6.0,880000,897377,843534,978141,60,1963,1
80,569068.0,3072,2.5,4.0,8.0,1550000,1501772,1366613,1621914,83,1419,0
60,67693.0,1472,1.5,3.0,6.0,711000,747874,703002,785268,56,1733,1
80,448576.0,2003,2.0,4.0,9.0,900000,965517,907586,1023448,74,493,1
80,1067000.0,2863,3.5,4.0,9.0,1475000,1599224,1471286,1711170,93,1564,5
80,673200.0,1610,2.0,3.0,5.0,1073000,956891,832495,1033442,15,2729,0
40,791173.0,2287,3.0,5.0,12.0,1314500,1340738,1220072,1407775,46,3148,1
80,461000.0,1889,3.0,4.0,9.0,780000,800954,752897,849011,90,2182,27
100,969262.0,3518,3.0,4.0,11.0,1795000,1769484,1627925,1893348,96,3444,15
80,1051000.0,2360,3.0,5.0,9.0,1712000,1675798,1508218,1776346,91,9348,47
100,1130600.0,3016,3.0,5.0,10.0,1766000,1808481,1681887,1916990,85,2999,50
80,502722.0,1535,2.0,3.0,7.0,1185000,1103293,981931,1213622,29,1387,0
40,736035.0,1900,2.0,3.0,7.0,1725000,1683286,1548623,1801116,75,2702,22
60,73572.0,1120,1.0,3.0,5.0,357000,677336,623149,724750,72,2614,6
80,423613.0,1314,2.0,3.0,6.0,1075000,1177756,1083536,1295532,30,1254,46
60,58496.0,1052,1.0,3.0,5.0,1155000,1206133,1073458,1290562,33,913,13
80,904092.0,1576,3.0,4.0,7.0,1100000,997753,917933,1067596,17,1874,25
80,655605.0,2256,2.5,4.0,11.0,980000,974317,925601,1023033,60,5292,24
100,398000.0,1061,2.0,2.0,5.0,565000,563108,534953,591263,15,722,1
60,852281.0,1223,2.0,3.0,6.0,1125000,1148482,1045119,1251845,83,2018,5
60,792236.0,1952,2.5,4.0,7.0,1795000,1800867,1656798,1926928,21,946,0
60,430500.0,1170,2.0,3.0,5.0,745000,689369,627326,737625,55,2724,37
60,488580.0,1075,1.0,3.0,5.0,765000,759327,713767,797293,58,2119,23
80,190909.0,1275,2.0,3.0,8.0,548000,586085,545059,644693,14,560,5
40,372000.0,1179,2.0,3.0,7.0,333000,429489,408015,455258,28,2680,0
80,989239.0,2108,2.0,4.0,7.0,1775000,1655080,1555775,1770936,65,6643,47
60,248282.0,1060,2.0,3.0,6.0,975100,950644,865086,1017189,62,2615,0
100,1156000.0,3748,5.0,6.0,14.0,1460000,1458241,1341582,1589483,72,2765,1
80,769000.0,1966,3.0,4.0,7.0,870000,947315,881003,1013627,15,4814,41
60,1464880.0,1747,2.0,4.0,8.0,2400000,2074926,1680690,2386165,77,1831,25
60,102072.0,1310,2.5,5.0,8.0,790000,750087,675078,817595,87,2286,41
20,1601000.0,4000,5.0,5.0,14.0,2990000,2389530,2198368,2676274,85,1074,10
80,404985.0,1829,2.0,3.0,8.0,900000,880606,810158,942248,51,1812,48
20,23948.0,1600,2.0,3.0,4.0,1050000,1082117,908978,1287719,43,932,35
40,531000.0,2952,2.0,4.0,10.0,593000,630045,592242,680449,59,2715,26
40,800048.0,2978,3.5,5.0,10.0,1925000,1602588,1426303,1826950,77,2755,50
80,692702.0,1928,2.5,4.0,8.0,1015000,931182,856687,1005677,68,1976,18
80,606000.0,1526,2.0,3.0,6.0,990000,898685,808817,988553,55,2316,77
60,1103500.0,2038,3.0,3.0,8.0,1808000,1877275,1652002,2196412,44,1845,25
100,1001060.0,4515,5.5,6.0,14.0,2398000,2778997,2612257,3001317,97,3541,24
80,386193.0,1584,3.0,3.0,7.0,1010000,938222,863164,1013280,56,964,5
60,393149.0,2180,3.0,4.0,5.0,835000,901803,829659,973947,54,3557,5
40,77399.0,3472,4.0,5.0,16.0,815000,1065255,841551,1320916,98,598,0
60,731791.0,1651,3.0,3.0,5.0,2150100,1916364,1686400,2146328,70,2989,36
60,803609.0,1880,3.0,4.0,8.0,2073000,2146704,1910567,2361374,80,1941,5
80,651190.0,2297,3.0,4.0,9.0,850000,828671,778951,878391,63,1420,20
80,690000.0,1619,3.0,3.0,6.0,738000,698780,635890,782634,21,1102,10
40,727000.0,1954,2.0,4.0,11.0,610000,1153512,1049696,1257328,83,839,8
100,738988.0,2276,3.0,3.0,9.0,869000,948470,891562,1005378,92,1743,22
60,1073960.0,1519,2.0,4.0,6.0,1670000,1468607,1263002,1688898,80,1703,25
60,586831.0,2514,3.0,4.0,7.0,1720000,1648977,1451100,1830364,89,1000,0
80,88513.0,1762,2.0,3.0,7.0,1175000,1223840,1113694,1346224,36,1406,19
40,927180.0,1846,2.5,4.0,7.0,1355000,1333252,1093267,1519907,70,5406,42
60,85131.0,1404,1.5,3.0,5.0,1552000,1386340,1192252,1566564,46,2294,24
60,258860.0,1292,2.0,2.0,6.0,330000,322701,293658,358198,13,74,1
100,572863.0,3312,4.0,5.0,11.0,1410000,1492884,1358524,1567528,95,1049,26
100,534685.0,904,1.0,2.0,6.0,641000,558177,519105,602831,18,1296,0
100,654741.0,2611,3.0,5.0,10.0,1335000,1304136,1199805,1408467,83,2450,35
100,490000.0,1438,3.0,3.0,7.0,625000,665360,565556,771818,77,2756,25
40,511996.0,1050,1.0,2.0,6.0,685000,623098,585712,672946,19,963,21
80,443000.0,1606,2.0,3.0,7.0,410000,539471,512497,566445,41,656,1
60,728000.0,1346,2.0,3.0,5.0,870500,890187,827874,952500,59,2397,1
60,1565770.0,1430,2.0,3.0,4.0,1865000,1647282,1466081,1812010,30,1052,20
80,572883.0,1382,2.0,3.0,6.0,1020000,1004154,873614,1094528,27,2006,19
40,956855.0,1904,2.0,3.0,9.0,1375000,1170400,1076768,1240624,51,1176,22
80,315445.0,1938,3.0,3.0,8.0,998000,1143454,1063412,1246365,75,2657,38
60,130700.0,1701,2.0,3.0,6.0,667300,667033,627011,707055,62,2142,3
40,1701000.0,5600,2.75,4.0,4.0,1400000,2276222,1638880,2959089,94,3371,32
60,90208.0,1920,3.0,4.0,9.0,555500,602934,530582,681315,75,6803,1
60,727330.0,1200,1.5,3.0,7.0,764400,827604,769672,902088,47,847,2
60,979200.0,1354,2.0,4.0,7.0,1306500,1138179,1012979,1251997,39,4051,0
100,1603800.0,3674,3.5,5.0,11.0,2045000,2188350,2035165,2341535,98,1219,25
60,64255.0,1130,2.0,3.0,7.0,832000,790654,751121,846000,64,1620,12
40,154854.0,2266,2.0,4.0,11.0,1925000,1843230,1363990,2230308,50,427,9
80,299906.0,1378,2.0,3.0,5.0,1170000,1134354,1077636,1191072,74,2988,25
60,371933.0,1659,2.0,4.0,7.0,1900000,1800777,1638707,1980855,65,1819,0
100,1256480.0,3045,2.5,4.0,9.0,2900000,2776015,2609454,2914816,78,1366,25
100,1933000.0,6764,6.0,6.0,18.0,2150000,2883008,2681197,3228969,98,1445,0
80,488727.0,1853,3.0,4.0,7.0,656000,679507,631942,720277,46,2280,9
80,440000.0,892,1.0,3.0,6.0,475000,543153,477975,597468,8,2918,13
60,1506740.0,2066,3.0,3.0,7.0,3400100,2614098,2378829,2927790,53,1779,5
80,690000.0,2180,2.5,3.0,7.0,765000,746057,701294,790820,51,1889,24
60,69568.0,1577,2.0,3.0,6.0,885000,890876,819606,979964,49,1176,6
60,738000.0,1457,2.0,4.0,7.0,890000,926420,852306,982005,75,1769,18
40,55504.0,1322,1.0,2.0,2.0,105000,93430,82218,104642,47,2681,11
20,611494.0,1512,2.0,2.0,7.0,1335000,1359386,1223447,1468137,56,3244,15
60,109459.0,1129,1.0,2.0,5.0,553500,624310,561879,705470,28,241,1
40,970662.0,1397,2.0,2.0,6.0,1375000,1287564,1145932,1377693,51,2092,0
40,369109.0,1375,2.0,2.0,5.0,1210000,1355639,1152293,1613210,44,1391,15
40,605000.0,1342,2.0,2.0,6.0,845000,861745,784188,922067,43,2454,0
60,1006200.0,2579,3.0,4.0,11.0,1900000,1861637,1303146,2140883,93,1918,0
20,1841620.0,2492,3.0,4.0,8.0,2005000,2451669,2206502,2672319,77,2202,19
60,1200000.0,1982,3.0,4.0,5.0,2075000,2035563,1770940,2320542,42,1938,23
60,1655470.0,2660,3.0,4.0,10.0,2200000,2107967,1918250,2318764,49,1720,0
80,831933.0,2208,2.0,4.0,9.0,1600000,1871006,1721326,2058107,83,4834,29
60,464860.0,1085,2.0,3.0,5.0,750000,740620,703589,785057,54,2705,45
100,651182.0,2084,2.5,3.0,7.0,755000,853650,802431,939015,48,1761,15
60,951993.0,1272,2.0,3.0,5.0,1200000,1291070,1187784,1394356,46,3338,18
100,769124.0,2855,3.0,4.0,7.0,1465000,1348222,1213400,1442598,90,1765,29
100,239821.0,2040,2.0,3.0,9.0,605000,612220,581609,642831,59,982,0
80,216894.0,1525,2.0,3.0,6.0,1400000,1164111,1082623,1257240,29,1185,0
60,43862.0,1452,2.0,3.0,6.0,565000,623411,592240,654582,19,2061,5
60,526320.0,1340,2.0,3.0,6.0,820000,823688,782504,864872,71,1991,0
60,616000.0,1500,4.0,8.0,17.0,800000,818210,728207,875485,58,573,1
80,453000.0,1220,1.5,2.0,5.0,525000,516793,485785,542633,20,1227,13
60,245651.0,2758,3.5,5.0,8.0,1171000,1335596,1215392,1469156,94,1379,0
60,175880.0,1216,3.0,3.0,9.0,175000,250415,237894,262936,68,109,1
60,44234.0,1179,2.0,3.0,6.0,520000,507421,471902,532792,61,1200,1
80,1976870.0,3901,5.0,5.0,13.0,1925345,2074467,1804786,2281914,92,3008,2
60,753780.0,2900,5.0,5.0,8.0,945000,924643,878411,980122,93,2045,34
40,599226.0,1124,2.0,2.0,7.0,920000,1101657,936408,1255889,28,4103,5
60,879466.0,2166,2.0,3.0,9.0,985000,1106711,1029241,1195248,72,1253,0
60,238261.0,1620,2.0,0.0,8.0,900000,817715,735944,915841,70,1514,15
80,529000.0,900,1.0,2.0,4.0,630000,549899,511406,588392,2,877,0
40,596084.0,3228,3.5,4.0,13.0,2150000,2292538,1719403,2842747,89,8066,9
60,1895200.0,3400,4.0,6.0,11.0,2630000,2663021,2529870,2849432,76,3855,28
80,429019.0,2432,2.5,4.0,7.0,1200000,1342083,1261558,1422608,87,1041,14
80,407814.0,1620,2.0,3.0,6.0,1300000,1016962,915266,1149167,18,728,24
80,750000.0,2135,3.0,4.0,5.0,745000,812647,763888,885785,69,4154,2
40,208940.0,1269,1.5,3.0,6.0,589000,349623,325149,384585,32,568,1
60,119017.0,1969,3.0,3.0,10.0,759000,669283,635819,722826,62,1696,25
40,642166.0,1915,3.0,3.0,9.0,850000,860085,808480,920291,76,889,0
60,611586.0,1724,2.0,3.0,9.0,850000,883152,812500,962636,67,1077,0
60,277844.0,1246,1.5,4.0,7.0,1750000,1222409,1087944,1369098,28,1363,6
80,465775.0,2591,3.0,5.0,9.0,900000,868671,807864,938165,91,1126,0
100,287000.0,1460,4.0,3.0,3.0,340000,388715,365392,412038,65,1447,1
80,895955.0,1832,2.5,4.0,8.0,1400000,1362400,1171664,1594008,62,1294,26
80,163181.0,3145,3.0,4.0,9.0,1350000,1571011,1492460,1649562,98,1482,25
80,288001.0,1327,2.0,3.0,7.0,608000,585690,550549,620831,14,4312,10
80,702314.0,1595,3.0,3.0,6.0,930000,868692,773136,955561,50,2045,7
60,75608.0,1190,1.0,3.0,6.0,850000,784493,674664,831563,92,326,1
60,475081.0,2752,2.5,4.0,10.0,1800000,2011354,1810219,2232603,40,1808,25
60,495400.0,1181,2.0,3.0,6.0,741000,709297,659646,766041,43,2297,0
40,824387.0,1354,2.0,2.0,5.0,850000,810853,737876,908155,34,891,0
60,154525.0,2235,3.5,5.0,8.0,2138000,2269666,2020003,2473936,84,1280,0
60,532257.0,1308,2.0,3.0,5.0,785000,718405,653749,783061,19,3728,0
80,134468.0,1563,2.0,4.0,8.0,655000,621727,590641,652813,68,2040,9
60,404706.0,2005,2.0,3.0,6.0,1675000,1751896,1524150,1892048,92,3591,15
80,87574.0,1992,2.5,3.0,8.0,600000,608189,577780,650762,58,872,0
60,89259.0,1472,2.0,3.0,6.0,1515000,1310984,1166776,1428973,48,1046,16
60,96092.0,1650,2.0,4.0,7.0,681000,691083,642707,760191,60,1263,34
40,122000.0,1597,2.0,3.0,8.0,1801500,1623009,1233487,1834000,60,2762,12
40,239970.0,3480,4.0,4.0,16.0,240000,473203,397491,558380,97,396,1
80,593713.0,1254,1.5,2.0,6.0,700000,741762,704674,786268,28,1897,19
40,40834.0,834,1.0,2.0,4.0,869000,893835,777636,1018972,10,1218,0
80,391259.0,1798,2.5,3.0,8.0,780000,830706,772557,888855,72,5580,28
60,530433.0,1283,2.0,3.0,5.0,815000,833538,775190,900221,43,2055,30
100,1162750.0,4500,5.5,4.0,11.0,2130000,2129044,1980011,2235496,92,1939,25
80,543797.0,5227,3.0,3.0,7.0,1950000,2923758,2426719,3391559,80,10585,58
40,801733.0,885,1.0,2.0,5.0,734500,903185,767707,1038663,11,1074,10
100,663510.0,2134,3.5,4.0,6.0,1800000,1645678,1464653,1744419,64,3265,25
40,675000.0,3420,3.5,5.0,15.0,750000,727584,669377,800342,46,5990,0
60,360125.0,1685,3.0,4.0,8.0,910000,853043,776269,929817,51,1446,0
60,313301.0,1200,1.5,3.0,6.0,848000,687807,639661,735953,25,3109,14
60,64123.0,1305,2.0,3.0,6.0,748000,833440,775099,933453,52,1751,3
60,974855.0,1948,2.0,4.0,8.0,1350000,1305594,1201146,1410042,49,3780,9
40,260525.0,2023,2.0,3.0,3.0,475000,483418,444745,531760,72,1712,1
60,199276.0,2279,3.0,4.0,11.0,1250000,1235793,1136930,1334656,46,2472,0
60,232000.0,1140,1.0,3.0,6.0,285000,271155,252174,295559,23,1414,15
60,477688.0,2400,3.0,3.0,8.0,1250000,1283753,1193890,1399291,85,389,0
60,466358.0,2570,4.0,5.0,10.0,1680000,1697022,1561260,1815814,95,1558,0
100,130911.0,3230,3.0,4.0,10.0,945000,943170,896012,990328,89,1756,0
60,75209.0,1220,1.0,2.0,5.0,675000,655778,603316,701682,62,1776,12
80,664502.0,2250,2.0,4.0,6.0,1960100,1941345,1786037,2116066,85,2313,0
80,234399.0,2036,3.0,4.0,8.0,758000,816298,775483,865276,90,1354,21
60,121325.0,1527,2.0,3.0,4.0,1281000,1311177,1206283,1402959,50,2204,26
80,217979.0,1286,2.0,3.0,6.0,655000,610456,555515,665397,17,1448,5
80,75529.0,1700,2.0,3.0,8.0,975000,795084,747379,834838,65,2510,5
40,1175670.0,2253,2.5,3.0,9.0,1659000,1626891,1447933,1789580,71,3774,0
80,229044.0,2790,3.0,3.0,6.0,3825000,4262704,2642876,5413634,85,4082,39
60,218296.0,1296,1.0,3.0,7.0,915000,748044,710642,807888,56,825,0
60,636000.0,1340,2.0,3.0,6.0,802000,774679,712705,813413,61,1606,0
80,456595.0,2191,2.5,5.0,9.0,1251000,1231731,1170144,1293318,92,880,5
80,261383.0,2740,2.5,4.0,8.0,825000,902508,812257,1010809,90,1269,0
60,648005.0,1700,2.0,3.0,7.0,1600000,2376062,2019653,2684950,86,983,5
80,550640.0,1450,2.0,3.0,7.0,700000,682578,627972,750836,74,1314,0
60,92270.0,1500,1.5,3.0,6.0,955000,1035771,880405,1222210,75,2056,0
100,852353.0,1586,3.5,3.0,7.0,1228000,1231179,1169620,1292738,90,2373,24
80,718037.0,1619,2.0,4.0,7.0,1000000,947577,852819,1032859,48,3473,28
20,1934630.0,1740,2.5,3.0,6.0,3675000,2788122,2592953,2983291,80,1591,33
40,1398290.0,2497,2.5,3.0,8.0,1795000,2207305,1854136,2516328,93,1155,34
60,321492.0,1460,2.0,3.0,7.0,825000,810614,770083,851145,69,847,21
80,980000.0,2000,2.0,3.0,7.0,1310000,1197903,1054155,1293735,90,1704,0
20,540000.0,2050,2.0,5.0,9.0,935000,974196,915744,1061874,83,2079,14
40,460060.0,2808,2.0,4.0,9.0,840000,743778,669400,795842,98,781,0
100,1948730.0,4198,4.5,6.0,11.0,3050000,3050015,2714513,3233016,98,3948,83
40,436060.0,1762,1.5,5.0,8.0,550000,664370,631152,717520,75,224,1
80,492223.0,2926,3.0,4.0,8.0,526500,880121,818513,932928,86,2465,1
100,1979900.0,5196,4.5,4.0,10.0,2900000,2486847,2088951,2884743,97,4504,21
80,458529.0,2146,3.1,4.0,9.0,1442000,1311505,1245930,1403310,61,2137,56
60,54179.0,1155,1.0,2.0,6.0,769000,676526,595343,771240,18,690,0
40,215206.0,1400,2.0,3.0,12.0,750000,701592,624417,792799,82,5449,20
60,54185.0,1214,2.0,3.0,5.0,660000,730313,635372,861769,3,4260,0
100,1334000.0,3293,5.0,6.0,13.0,1280000,1415122,1330215,1514181,71,7457,14
40,421620.0,1806,2.0,4.0,7.0,725000,675130,621120,708886,94,2591,33
40,680154.0,2302,2.0,4.0,7.0,1400000,1905323,1562365,2400707,46,7791,12
40,795956.0,2876,4.0,4.0,13.0,850000,972307,816738,1137599,98,1543,10
40,609000.0,990,1.0,2.0,6.0,779000,807954,735238,856431,34,999,13
60,2234670.0,4595,3.5,6.0,11.0,2980000,2923150,2543140,3186234,96,908,25
80,754270.0,3298,5.0,6.0,9.0,955000,1016027,965226,1076989,95,583,0
80,655451.0,1584,2.0,3.0,7.0,952000,919294,854943,974452,54,2125,0
80,142000.0,1088,2.5,2.0,5.0,170000,195387,179756,222741,10,3006,15
20,2190000.0,3240,4.5,4.0,13.0,2850000,2806698,2666363,2947033,91,1367,8
60,1664640.0,2304,3.0,5.0,11.0,2466000,2428486,2161353,2695619,87,7653,1
80,387962.0,1653,3.0,2.0,6.0,731000,832242,782307,907144,31,2678,1
40,910000.0,2146,3.5,3.0,8.0,1265000,1275156,1198647,1377168,57,4417,0
80,1009350.0,1807,2.5,3.0,6.0,374500,966572,879581,1082561,5,4373,11
80,69373.0,1366,2.0,4.0,6.0,1350000,1415445,1245592,1542835,44,1071,25
80,201872.0,1150,2.0,2.0,4.0,515000,492786,468147,527281,16,1391,100
60,588066.0,1968,2.5,3.0,6.0,930000,848723,789312,916621,89,2650,104
40,820000.0,1494,1.0,3.0,6.0,1221000,1222713,1039306,1369439,49,1530,12
60,505484.0,1560,2.0,3.0,6.0,850000,846902,779150,906185,95,2714,0
40,233159.0,1497,1.0,3.0,7.0,711000,868308,798843,937773,19,4040,11
60,73572.0,1120,1.0,3.0,6.0,740000,698992,650063,754911,79,689,13
80,381433.0,1076,2.0,2.0,5.0,520000,539457,512484,566430,9,2120,0
80,759000.0,1802,2.0,3.0,7.0,1110000,1015473,913926,1117020,56,2223,14
60,654000.0,1000,2.0,2.0,5.0,970000,919434,855074,992989,59,2489,19
40,63187.0,896,2.0,2.0,8.0,1675000,1318364,1067875,1582037,17,2271,0
60,418903.0,1930,2.0,3.0,7.0,2005000,1684646,1583567,1802571,72,1199,25
80,943000.0,1938,2.5,4.0,8.0,1400000,1239744,1103372,1338924,85,2239,25
40,74961.0,1900,1.0,4.0,7.0,1700000,1380520,1228663,1601403,46,1110,46
40,688560.0,1760,2.0,3.0,7.0,1249000,815989,750710,881268,27,201,1
80,598000.0,2043,2.0,4.0,8.0,739000,736134,691966,787663,50,2023,0
40,531316.0,2550,4.0,3.0,9.0,760000,910331,755575,1001364,96,2902,0
60,1277000.0,2294,3.5,4.0,7.0,1800000,1753510,1595694,1893791,74,5100,1
40,50391.0,1491,2.0,3.0,9.0,620000,859786,739416,919971,50,6655,21
20,2479990.0,2340,2.0,3.0,6.0,2501000,2826602,2289548,3504986,89,3756,7
100,1232350.0,2474,3.0,4.0,9.0,2240000,2088344,1921276,2255412,56,1715,5
80,1086450.0,2022,3.0,3.0,7.0,1200000,1274005,1197565,1363185,37,5601,18
60,84575.0,1682,2.0,4.0,7.0,1025000,1116223,1026925,1216683,73,828,43
100,1820000.0,2128,3.0,4.0,9.0,2460000,2475027,2326525,2598778,82,4504,24
40,98833.0,3000,3.5,5.0,10.0,750000,827324,744592,910056,87,7741,21
60,107646.0,1583,2.0,3.0,5.0,2200000,1960862,1647124,2254991,72,883,0
80,415506.0,2347,3.0,4.0,9.0,780000,850967,791399,902025,75,1052,13
40,395438.0,3072,4.0,5.0,12.0,875000,926781,778496,1075066,97,1926,0
20,818694.0,1480,1.0,1.0,7.0,1227000,1005342,824380,1156143,64,4041,36
60,1447000.0,2157,3.0,4.0,9.0,2135000,1913813,1703294,2200885,85,2097,25
80,653996.0,2919,3.0,5.0,11.0,2250000,2227040,1982066,2382933,92,1642,3
40,1558000.0,1783,2.0,3.0,9.0,1800000,2029599,1441015,2536999,84,736,0
80,257400.0,662,1.0,2.0,5.0,205000,298476,259674,337278,9,1527,23
80,629199.0,3172,5.0,5.0,5.0,825000,1040695,822149,1332090,83,6554,24
80,83670.0,1720,3.0,4.0,7.0,1540000,1319570,1214004,1398744,38,2190,5
60,339904.0,1480,2.0,3.0,6.0,826000,785291,714615,926643,29,2238,15
60,551000.0,2374,3.0,4.0,11.0,735000,728862,670553,772594,63,1219,23
80,578574.0,2648,3.0,4.0,9.0,2100000,2079908,1892716,2267100,89,3883,2
60,1323400.0,1895,2.0,3.0,6.0,2000000,1748044,1608200,1922848,75,1703,23
100,759800.0,2521,2.0,3.0,7.0,863000,1059164,963839,1154489,68,5493,45
60,1664630.0,2877,3.0,5.0,9.0,1700000,1759691,1636513,1900466,78,1820,0
100,3506140.0,6400,5.0,5.0,10.0,4100000,4895137,3671353,6608435,96,3174,1
80,406531.0,1802,3.0,4.0,8.0,710000,720163,669752,792179,54,1316,0
80,572974.0,2037,3.0,4.0,10.0,902000,826896,752475,884779,71,1259,46
80,266946.0,3764,5.0,5.0,8.0,1770000,2091019,1902827,2300121,88,5559,36
60,83069.0,1757,2.0,4.0,8.0,1355000,1159646,985699,1321996,28,1590,20
60,63555.0,1151,1.0,3.0,6.0,1201000,1076660,958227,1184326,21,1148,15
80,1046380.0,3807,4.0,5.0,10.0,2100000,2378878,2117201,2569188,94,7230,57
100,683963.0,3104,3.0,5.0,10.0,1099000,1203051,1142898,1263204,95,2491,50
40,1221200.0,1700,1.5,3.0,8.0,1525000,1531230,1393419,1669041,23,1583,0
60,43144.0,1958,2.0,6.0,3.0,60200,114144,102730,127841,56,2219,6
60,61680.0,1319,2.0,3.0,6.0,800000,809902,769407,850397,68,1327,7
40,816007.0,2700,3.5,4.0,7.0,4000000,3533767,2614988,4523222,78,2907,62
60,642000.0,1059,1.0,2.0,5.0,750000,741694,689775,778779,25,1306,0
60,1029560.0,3394,3.5,4.0,11.0,2000000,1928361,1484838,2256182,94,4687,24
80,126602.0,1421,2.0,3.0,9.0,712000,648158,609269,680566,24,2424,38
60,842635.0,1415,2.0,3.0,6.0,1400000,1315545,1183991,1420789,35,2488,1
100,1168920.0,3985,4.5,5.0,10.0,2600000,2641547,2509470,2773624,97,3169,0
40,756822.0,1263,1.0,2.0,6.0,817000,807834,735129,856304,32,846,58
60,894236.0,1864,2.0,4.0,7.0,950000,992578,893320,1081910,77,453,0
40,30163.0,1135,2.0,2.0,5.0,332000,393749,350437,433124,31,1659,1
40,905501.0,1842,2.0,3.0,10.0,2200000,1618210,1246022,1877124,41,1970,0
60,63373.0,2146,2.0,5.0,11.0,865000,1066622,927961,1194617,83,7548,1
60,715100.0,1240,2.0,3.0,6.0,800000,783519,728673,822695,62,1130,1
60,229520.0,872,1.0,2.0,5.0,622000,617332,555599,679065,23,1280,20
60,330829.0,1346,2.0,3.0,5.0,850000,866433,797118,961741,52,971,38
60,748000.0,1508,2.0,3.0,9.0,950000,885883,806154,956754,48,927,19
40,180225.0,1264,1.0,2.0,7.0,530000,626873,589261,658217,14,252,1
20,1377000.0,1805,1.5,3.0,7.0,1600000,2012771,1771238,2455581,71,2603,1
80,170697.0,2561,3.0,5.0,11.0,970000,996638,926873,1076369,77,1431,0
80,610000.0,1796,2.0,3.0,6.0,722000,662467,629344,695590,37,4795,25
80,512091.0,2108,2.0,4.0,7.0,1700000,1693462,1557985,1795070,69,2063,23
60,424601.0,1264,1.0,3.0,6.0,1475000,1532854,1302926,1716796,65,3604,0
40,32752.0,993,1.0,2.0,2.0,46000,67091,59040,73800,7,151,1
80,266813.0,1346,2.0,3.0,6.0,1266500,922496,857921,987071,46,1180,35
80,441918.0,2533,3.0,5.0,10.0,725000,752494,714869,797644,59,3972,16
80,233043.0,1436,2.0,3.0,6.0,868000,857843,789216,917892,49,902,19
80,565000.0,2321,2.0,4.0,8.0,630000,794669,746989,850296,58,5950,6
60,222373.0,2215,3.0,4.0,7.0,1975000,2050584,1825020,2276148,89,1791,25
40,262000.0,1513,2.0,3.0,10.0,395000,403306,371042,431537,82,1471,0
80,298057.0,1487,2.0,3.0,6.0,630000,615375,578452,658451,24,828,0
100,29812.0,2800,3.5,5.0,6.0,2200000,2076500,1785790,2408740,90,13840,1
80,796152.0,3431,3.0,5.0,14.0,1190000,1237888,1175994,1349298,80,4435,13
80,726000.0,1882,2.5,2.0,7.0,1000000,1127889,936148,1342188,8,2818,1
60,913914.0,1979,4.0,4.0,7.0,1190000,1227470,1166097,1288843,51,3320,16
80,375094.0,1504,2.0,3.0,6.0,915000,912445,812076,967192,73,900,12
60,857000.0,1302,2.0,3.0,7.0,1305000,1419507,1291751,1518872,96,1255,5
80,486645.0,2102,3.5,5.0,8.0,874000,879976,827177,941574,81,1934,25
40,148737.0,1250,1.0,2.0,5.0,655000,838917,738247,964755,36,902,13
100,880000.0,2930,3.0,5.0,10.0,1050000,1083033,1007221,1169676,70,2162,1
80,932926.0,2202,2.0,3.0,7.0,1010000,1124102,1034174,1214030,23,8924,16
80,65810.0,1060,2.0,2.0,5.0,705000,760095,706888,805701,5,1343,15
40,63929.0,1100,1.0,2.0,5.0,775500,691894,595029,802597,1,2645,0
80,805837.0,3743,4.0,4.0,9.0,1220000,1215720,1154934,1337292,95,2626,25
40,222581.0,2373,3.0,4.0,12.0,860000,848603,763743,933463,48,978,29
20,524120.0,1500,1.0,3.0,6.0,670000,696989,641230,745778,77,1251,1
60,1070000.0,1594,2.0,3.0,7.0,1275000,1146284,1031656,1272375,39,3000,25
80,999714.0,2288,3.0,4.0,7.0,1436000,1247567,1147762,1334897,36,2648,18
100,1101840.0,3250,4.0,5.0,10.0,1410000,1293763,1190262,1423139,82,964,25
60,236391.0,1428,2.0,3.0,6.0,875000,870548,800904,940192,80,829,13
40,133148.0,3009,3.0,4.0,12.0,1210000,1406084,1279536,1532632,59,922,36
80,1414940.0,2834,3.5,4.0,9.0,1550000,1442433,1312614,1586676,61,875,18
80,585000.0,1290,1.5,2.0,4.0,725000,769917,708324,831510,34,1323,5
100,1401270.0,2426,3.0,4.0,9.0,1775000,1800632,1620569,1908670,80,2651,23
80,162795.0,1692,2.0,3.0,7.0,776000,815765,758661,856553,37,2531,41
80,783136.0,2241,2.5,4.0,9.0,868000,1061042,986769,1156536,82,2957,5
60,567435.0,860,1.0,3.0,5.0,1007000,837635,770624,921398,45,1199,12
60,93079.0,1822,2.5,3.0,7.0,1800000,1603799,1379267,1812293,60,1497,12
100,2051880.0,6517,6.0,5.0,12.0,3000000,3282091,2658494,3840047,99,5355,42
60,316945.0,1524,2.0,3.0,7.0,1305000,1016390,935079,1189176,18,1654,0
60,562377.0,1788,2.0,3.0,5.0,1099000,1069108,951506,1165328,69,1955,24
80,113839.0,2440,3.0,5.0,10.0,1565000,1512240,1421506,1618097,54,1744,25
40,353760.0,1966,2.5,5.0,10.0,585000,509379,473722,545036,87,2897,27
80,681000.0,1286,2.0,3.0,5.0,910000,857182,780036,934328,50,723,25
60,287484.0,2189,2.5,3.0,7.0,1905000,1687818,1485280,1907234,69,2216,1
80,546545.0,1535,2.0,3.0,4.0,645000,811028,697484,948903,84,4619,0
80,718037.0,1442,2.0,3.0,6.0,1200000,1095314,996736,1171986,83,858,0
80,801898.0,2800,3.0,4.0,10.0,990000,986573,907647,1055633,86,3037,74
20,981656.0,1800,5.0,7.0,11.0,1729000,1666362,1466399,1832998,62,6115,23
20,347680.0,1938,1.0,4.0,7.0,675000,597758,555915,639601,59,635,1
60,61805.0,1080,1.0,3.0,6.0,662000,652329,587096,684945,47,961,3
80,722160.0,1820,2.0,3.0,6.0,900000,806445,717736,879025,83,1520,1
60,634845.0,2276,3.0,5.0,9.0,1555000,1654412,1522059,1786765,65,2851,0
60,306353.0,1295,2.0,4.0,5.0,1210000,1076176,957797,1173032,21,1803,15
60,339460.0,1800,2.0,3.0,7.0,1550000,1485669,1262819,1708519,88,792,0
60,86429.0,1200,2.0,3.0,6.0,707000,694176,624758,742768,77,2110,22
40,1800000.0,3522,4.5,4.0,11.0,1760000,2027914,1744006,2433497,88,7426,16
80,1767990.0,2240,2.5,4.0,9.0,1922000,2061198,1813854,2308542,49,2368,49
60,234970.0,1088,2.0,2.0,6.0,245000,268235,252141,295058,28,177,1
100,67142.0,590,1.0,1.0,3.0,630000,584276,537534,648546,4,424,14
40,979190.0,1970,3.5,6.0,10.0,906667,1664395,1364804,1980630,72,619,0
80,674411.0,1504,2.0,3.0,6.0,945000,937803,853401,984693,77,1108,41
60,941171.0,1340,2.0,3.0,7.0,1353000,1273614,980683,1413712,49,6740,10
80,448641.0,1606,2.0,4.0,7.0,540000,583095,548109,612250,53,1947,12
80,684024.0,3120,3.0,4.0,10.0,1325000,1346375,1265592,1427158,87,1797,20
80,392153.0,1212,2.0,3.0,6.0,530000,502169,477061,532299,28,1443,75
60,626800.0,1471,2.0,3.0,7.0,968000,954441,858997,1030796,58,1352,42
40,371000.0,4400,8.0,9.0,21.0,535000,1063221,956899,1180175,89,773,4
100,931000.0,2445,3.0,5.0,10.0,1230000,1217322,1132109,1302535,92,2024,30
100,335252.0,1891,3.0,4.0,9.0,622500,649664,597691,682147,65,1400,25
40,785590.0,1359,3.0,3.0,8.0,900000,920672,828605,1003532,58,2748,6
80,641000.0,2009,3.0,4.0,10.0,925000,974831,877348,1062566,60,1852,24
40,740259.0,889,2.0,3.0,6.0,1150000,965133,858968,1080949,12,2638,0
60,323408.0,1983,2.0,3.0,7.0,790000,877536,807333,947739,76,919,13
80,113468.0,2412,3.0,5.0,11.0,2000000,1734726,1630642,1873504,73,1372,0
100,1986960.0,5151,5.5,6.0,12.0,2400000,2584041,2454839,2739083,97,3349,0
20,840000.0,1620,3.0,5.0,11.0,1500000,1454651,1309186,1571023,59,1214,32
80,475000.0,1570,2.0,3.0,6.0,660000,634788,584005,691919,45,1448,15
80,69187.0,1530,2.0,3.0,6.0,1530000,1219877,1122287,1341865,28,2134,4
40,54930.0,1296,1.0,2.0,5.0,2439000,931290,838161,1015106,55,947,0
60,77256.0,1486,2.0,3.0,6.0,838000,990710,891639,1089781,62,577,24
100,430000.0,1455,3.0,2.0,7.0,550000,551711,518608,590331,5,3489,24
60,453500.0,1200,2.0,3.0,5.0,850000,868938,773355,938453,53,1204,14
60,110657.0,2585,3.0,5.0,10.0,899000,1004962,904466,1105458,90,2620,20
40,334738.0,2603,4.0,4.0,9.0,5000000,3762749,3461729,4139024,77,1639,2
60,673223.0,1048,1.0,3.0,5.0,935000,943922,830651,1076071,15,1495,21
60,134548.0,2064,2.0,3.0,10.0,1450000,1683814,1313375,2037415,17,1534,7
40,799276.0,1677,2.0,3.0,8.0,1300000,1241508,1154602,1315998,60,1809,55
80,90763.0,1280,3.5,3.0,7.0,737000,664141,604368,717272,5,1862,5
80,539844.0,1754,2.0,3.0,6.0,695000,758360,705275,819029,41,2412,6
40,162474.0,672,1.0,2.0,4.0,411000,396797,357117,428541,21,227,3
60,912118.0,2158,3.0,5.0,10.0,1420000,1390799,1293443,1502063,58,3577,0
60,57077.0,1025,1.5,3.0,5.0,705000,751383,713814,826521,36,2135,2
40,421192.0,1391,2.0,3.0,6.0,465000,640665,570192,723951,73,6656,26
20,605373.0,3071,2.5,4.0,8.0,850000,753281,700551,836142,78,1120,24
80,911737.0,1685,2.0,3.0,7.0,1250000,1097443,1009648,1251085,68,4816,46
100,2184840.0,3877,4.5,5.0,12.0,2225000,2146780,1953570,2297055,99,3789,25
60,62624.0,1776,2.0,4.0,8.0,899000,994569,875221,1074135,83,5751,1
100,1733000.0,3326,3.5,4.0,11.0,2005000,1959957,1842360,2057955,85,2313,15
60,1165000.0,1740,2.0,4.0,8.0,1630250,1422391,1251704,1564630,75,1780,22
100,108288.0,2025,2.0,3.0,8.0,965000,976924,928078,1025770,60,1358,39
80,307771.0,825,1.0,1.0,3.0,729000,610502,543347,671552,14,999,5
60,81574.0,1485,1.5,3.0,7.0,825000,760477,714848,806106,58,602,13
60,53242.0,1092,1.0,3.0,6.0,599500,615747,584960,658849,18,1142,19
60,512925.0,850,1.0,2.0,4.0,1910000,1198904,983101,1486641,47,1014,5
60,765207.0,1802,3.0,5.0,7.0,940000,1004080,863509,1114529,71,1672,14
60,540000.0,1228,2.0,3.0,5.0,892000,798948,719053,878843,33,2446,22
60,676000.0,1356,2.0,3.0,6.0,725000,794329,730783,849932,65,1433,23
40,110290.0,2082,2.0,3.0,8.0,850000,745050,648193,841907,66,1875,34
80,116658.0,3047,4.0,5.0,7.0,2760000,2400283,2136252,2616308,70,1273,0
40,735343.0,1564,2.0,3.0,7.0,835000,801000,744930,873090,46,1331,0
40,521698.0,900,1.0,2.0,4.0,750000,774151,642545,890274,4,2968,10
40,993000.0,2296,1.0,3.0,10.0,1194500,1256119,1143068,1344047,64,1990,0
80,250965.0,1451,2.0,4.0,7.0,508100,651513,612422,684089,38,1996,1
100,729392.0,2417,3.0,4.0,11.0,1030000,983212,904555,1061869,92,1198,0
40,680450.0,2408,2.0,4.0,10.0,805000,810180,753467,883096,88,243,1
60,41984.0,950,1.0,2.0,5.0,975000,974928,848187,1101669,28,556,22
60,154683.0,1253,1.0,3.0,6.0,2000000,1355494,1219945,1504598,50,1813,21
80,279769.0,1743,2.0,3.0,9.0,860000,895077,823471,957732,49,705,16
60,46861.0,972,1.0,3.0,5.0,335000,320040,304038,336042,47,1516,15
100,1049550.0,4061,3.5,5.0,12.0,1018000,1740121,1653115,1827127,99,1924,27
60,70690.0,1513,2.0,3.0,6.0,1680000,1656191,1424324,1788686,65,1948,3
80,308328.0,1932,2.5,4.0,7.0,1250000,1068220,779801,1260500,41,2185,1
60,446569.0,2497,3.0,4.0,9.0,1915000,1659764,1543581,1809143,66,1378,34
80,350000.0,1291,2.0,2.0,6.0,580000,586167,556859,627199,26,1041,18
60,186780.0,1549,2.0,4.0,7.0,1865000,1674346,1439938,1942241,10,2337,0
40,1176140.0,2420,3.0,5.0,11.0,2300000,2639362,2296245,2956085,59,1275,4
60,1153050.0,1527,2.0,3.0,6.0,1850000,1621876,1411032,1816501,67,1962,15
40,292910.0,1948,3.0,3.0,6.0,479000,457308,420723,489320,73,5942,28
80,648534.0,1691,2.0,4.0,7.0,890000,949402,873450,996872,56,1821,12
100,1011870.0,2324,3.0,4.0,10.0,1149000,1124114,1056667,1225284,73,2341,0
100,1427000.0,3410,3.0,5.0,11.0,1775000,1704052,1567728,1823336,81,2738,49
40,317676.0,1800,1.0,3.0,6.0,1150000,908205,790138,1080764,20,1564,21
100,415585.0,2193,2.5,4.0,9.0,714000,772906,726532,811551,63,938,50
80,890000.0,2643,3.0,4.0,8.0,1380000,1313095,1221178,1378750,82,1322,0
40,494225.0,1072,1.0,2.0,5.0,1856000,1443179,995793,1775110,43,1610,0
60,4319520.0,4294,5.0,5.0,10.0,9500000,7235437,6294830,8031335,98,2385,0
100,1066000.0,3305,4.0,5.0,10.0,1230000,1326478,1220360,1432596,96,2667,20
40,116686.0,704,1.0,2.0,5.0,280000,253164,210126,288607,19,2107,10
60,1163670.0,1889,2.0,4.0,7.0,1920000,1906205,1639336,2173074,34,1988,19
100,734000.0,1960,2.5,3.0,6.0,808000,863498,811688,906673,80,1099,18
40,1062780.0,2175,2.0,4.0,6.0,1400000,1646477,1415970,1860519,88,3364,29
40,135320.0,1898,1.0,3.0,4.0,256200,316758,294585,342099,50,2229,19
40,983177.0,1817,1.0,3.0,9.0,1275000,1199682,1127701,1295657,35,2176,31
80,1343500.0,2178,2.5,4.0,8.0,1450000,1400369,1316347,1498395,66,1279,13
40,500000.0,2070,3.0,5.0,11.0,375000,557798,496440,630312,37,3058,10
60,78943.0,1480,1.0,3.0,5.0,1825000,1753602,1525634,1928962,62,1197,0
40,772000.0,1811,2.0,3.0,10.0,997000,1002545,922341,1092774,32,1383,0
60,73688.0,1558,2.0,3.0,7.0,915000,1057544,951790,1142148,62,1327,6
80,458668.0,2469,2.5,4.0,9.0,1070000,1065073,1001169,1160930,66,2702,38
60,595000.0,1370,1.5,3.0,6.0,796000,820979,730671,886657,94,3134,23
60,851000.0,1078,1.0,2.0,6.0,1315000,1191687,1036768,1275105,43,1375,0
100,1085920.0,4708,4.5,4.0,10.0,1400000,1380832,1284174,1491299,97,4065,25
60,1385500.0,2725,3.0,5.0,12.0,1796500,1744520,1604958,1884082,95,1259,0
40,708000.0,2208,1.5,3.0,7.0,620000,622685,572870,672500,76,1517,6
80,332066.0,1580,2.5,4.0,7.0,785000,724894,652405,804632,69,1778,22
80,575000.0,2288,2.5,4.0,4.0,690000,742725,683307,787289,51,1760,0
100,2941500.0,5000,4.0,5.0,11.0,3100000,3377726,2972399,3816830,87,4238,49
80,1439000.0,2322,3.0,4.0,10.0,2225000,1728848,1607829,1867156,73,1150,25
60,63881.0,1396,2.5,3.0,6.0,830000,821889,756138,887640,36,1178,0
80,215386.0,1164,2.0,3.0,6.0,575000,569520,541044,597996,11,1316,16
60,620000.0,1300,2.0,2.0,6.0,768000,758277,682449,803774,88,4565,97
80,922600.0,1734,2.0,3.0,7.0,1018000,982113,893723,1090145,24,2469,23
80,1177450.0,2160,3.0,4.0,8.0,1615000,1719922,1530731,1840317,96,987,0
40,99394.0,2016,1.5,4.0,7.0,1810000,1788114,1627184,1949044,79,1294,0
80,306917.0,1101,2.0,3.0,6.0,500000,504641,479409,529873,30,2952,5
80,1879000.0,2418,3.0,4.0,8.0,2500000,2260264,1989032,2531496,62,2150,24
100,204270.0,2668,4.0,5.0,8.0,238900,228728,217292,244739,82,1838,1
80,693328.0,800,1.0,1.0,3.0,775000,779521,685978,880859,10,1473,32
60,102094.0,1473,2.0,3.0,7.0,1299000,1336745,962456,1657564,11,1031,0
60,242639.0,1455,2.0,3.0,6.0,1150000,1129083,1004884,1241991,73,13297,1
100,2205140.0,4339,3.0,4.0,10.0,2770000,2758902,2593368,2952025,97,3515,48
40,173014.0,1164,1.0,2.0,6.0,510000,470743,418961,531940,12,971,0
80,155799.0,1070,1.0,3.0,6.0,550000,620772,564903,676641,33,881,11
60,206060.0,2024,2.0,3.0,3.0,180000,361050,310503,404376,98,1077,1
60,278844.0,1644,2.0,3.0,6.0,1650000,1353792,1231951,1502709,55,1482,25
40,89345.0,2682,4.0,4.0,7.0,2300000,2235389,1833019,2615405,77,7104,34
100,1782000.0,3320,3.5,4.0,11.0,2062000,2002923,1902777,2123098,86,2315,0
60,47142.0,1435,2.0,3.0,4.0,887000,817463,743891,882860,70,2813,14
100,919349.0,1463,3.0,3.0,7.0,900000,885953,797358,956829,51,1737,13
60,880152.0,3730,4.5,5.0,5.0,1350000,1404370,1165627,1643113,87,9550,31
40,768943.0,2465,3.0,4.0,9.0,3200000,2702410,2486217,3026699,80,2310,28
60,74609.0,1373,2.0,3.0,6.0,870000,871811,802066,950274,54,1378,34
80,979194.0,2202,2.0,3.0,7.0,1085000,1167419,1074025,1272487,26,8775,56
60,91262.0,1832,2.0,4.0,7.0,1080000,1160680,1079432,1253534,28,1416,0
80,193285.0,2076,2.0,3.0,7.0,1300100,1302787,1107369,1433066,90,1550,25
40,688744.0,1135,1.5,3.0,6.0,880000,885089,814282,955896,40,5729,29
60,204515.0,1284,2.0,3.0,6.0,1501500,1379520,1200182,1558858,40,1215,5
80,688000.0,2034,2.5,4.0,7.0,940000,1009671,908704,1100541,63,2194,85
60,523515.0,1040,1.0,3.0,5.0,730000,652243,593541,704422,34,1130,0
80,494713.0,2013,2.0,5.0,7.0,900000,1199166,1091241,1331074,79,2224,0
40,296000.0,1543,1.5,2.0,7.0,485000,499148,474191,544071,48,437,1
60,443341.0,1576,1.5,2.0,7.0,755000,749051,704108,808975,58,2226,0
100,657000.0,1409,3.0,3.0,7.0,907440,862330,793344,931316,18,1596,51
20,45916.0,1655,2.0,3.0,8.0,840000,1162942,1046648,1221089,76,2400,22
100,412868.0,1390,3.5,3.0,6.0,900000,861001,783511,938491,46,803,17
100,2054140.0,3034,3.0,4.0,9.0,2350000,2093209,1883888,2302530,48,7140,92
60,87949.0,2010,2.0,3.0,6.0,835000,829778,779991,887862,72,2438,61
60,59803.0,1141,2.0,3.0,6.0,700000,683647,635792,752012,34,1604,0
60,796970.0,1650,2.0,3.0,6.0,848345,866787,806112,927462,51,4120,4
80,263520.0,2772,3.5,4.0,4.0,625000,670494,569920,744248,84,2080,24
100,796656.0,4113,2.5,3.0,5.0,1250000,1862204,1508385,2253267,97,11284,39
80,465894.0,3198,3.0,5.0,5.0,850000,903754,777228,1021242,80,1455,27
40,39573.0,1205,1.0,2.0,7.0,613500,717314,659929,753180,26,983,1
60,440088.0,940,1.0,2.0,5.0,675000,686799,638723,728007,76,1279,1
40,309240.0,1224,3.0,4.0,9.0,146667,477597,453717,511029,46,62,1
60,256962.0,1657,2.0,4.0,7.0,1450000,1501033,1335919,1621116,77,3120,34
60,133620.0,1114,3.0,3.0,5.0,255000,231236,217362,254360,56,1386,1
80,1299270.0,2994,3.5,4.0,13.0,3330000,3571709,3357406,3750294,97,1547,13
40,1203180.0,5456,6.0,5.0,5.0,1900000,2718008,1739525,3886751,97,7881,58
80,618800.0,1712,2.5,3.0,6.0,662000,737356,700488,796344,24,2223,12
80,778002.0,1824,2.0,4.0,8.0,2000000,1943745,1846558,2060370,33,1996,20
60,838800.0,3296,4.0,4.0,7.0,1070000,1315065,1183559,1459722,97,2127,0
80,462904.0,1692,3.0,3.0,7.0,1625000,1325450,1073614,1537522,50,1193,0
40,73500.0,1524,1.0,2.0,5.0,1500000,920165,818947,1113400,52,1148,0
40,637903.0,1961,2.0,3.0,9.0,773000,875141,813881,962655,53,3045,23
40,1456700.0,2220,2.5,3.0,6.0,2275000,2204088,1785311,2600824,41,1401,18
60,175429.0,1144,1.0,2.0,4.0,377000,492825,463255,527323,25,1314,19
80,908417.0,2296,3.0,4.0,8.0,1325000,1313184,1234393,1431371,61,3190,29
40,779000.0,3780,4.0,5.0,11.0,892000,937799,890909,984689,92,277,0
80,82508.0,1655,2.0,4.0,7.0,1175000,960166,902556,1036979,22,1392,16
60,63750.0,1192,1.0,3.0,6.0,1325000,1152108,1048418,1232756,45,1260,12
100,870100.0,3200,3.0,4.0,9.0,1035000,1149299,1068848,1252736,89,1403,0
40,434000.0,1632,2.0,3.0,6.0,195000,663849,590826,776703,38,436,0
60,99323.0,992,1.0,2.0,2.0,189000,188506,177196,197931,6,577,8
100,1829330.0,3204,3.5,4.0,9.0,2558000,2194097,2018569,2391566,92,3022,25
80,674501.0,1493,3.0,3.0,6.0,791000,788513,725432,851594,33,2817,1
80,146768.0,1487,2.0,3.0,6.0,605000,628843,597401,660285,31,1160,20
80,55868.0,914,1.0,2.0,4.0,685000,736821,677875,788398,4,1309,17
60,481041.0,1395,2.0,3.0,5.0,450000,512479,476605,548353,12,217,0
80,552675.0,1167,2.5,2.0,6.0,667500,661714,615394,701417,20,3754,27
80,614811.0,1701,2.5,3.0,7.0,832000,719820,683829,763009,21,4533,10
60,1969000.0,3125,4.0,5.0,10.0,2459000,2829044,2574430,3027077,82,11257,41
60,654000.0,1428,3.0,3.0,5.0,880000,752357,699692,797498,57,2770,10
80,544462.0,1940,2.0,4.0,6.0,1150000,998355,888536,1098190,98,1500,59
60,414489.0,1264,2.0,3.0,6.0,642500,637665,605782,675925,31,4440,16
80,1696790.0,3536,3.0,5.0,10.0,1720000,1932124,1777554,2241264,47,2316,20
80,525402.0,1580,2.5,4.0,6.0,775000,718109,653479,789920,68,2735,7
80,819065.0,3350,3.0,4.0,8.0,1185000,1162142,1069171,1278356,94,1566,76
60,225364.0,1543,2.0,3.0,8.0,748000,696677,627009,752411,46,3269,56
60,53613.0,1080,1.0,3.0,5.0,660000,690129,648721,731537,36,1056,0
60,101457.0,1439,1.5,3.0,5.0,2600000,1959212,1430225,2546976,23,960,0
80,728066.0,1488,2.0,3.0,6.0,795000,853112,784863,912830,74,1835,59
80,525300.0,1671,2.5,3.0,7.0,695000,749479,689521,801943,28,12280,7
40,1607370.0,3954,3.0,4.0,12.0,1900000,2318990,1646483,2945117,90,4319,14
80,62624.0,1450,2.0,4.0,8.0,686000,674969,641221,708717,45,5541,16
60,86275.0,1693,1.5,3.0,7.0,940500,794670,739043,842350,65,1305,22
40,1647050.0,3630,4.0,5.0,9.0,1950000,1854993,1632394,2114692,85,2317,1
40,252200.0,1528,1.0,2.0,7.0,386250,380323,357504,410749,47,2399,10
60,356141.0,1205,2.0,3.0,5.0,1250000,1213215,1091894,1310272,34,3475,13
60,1471000.0,2006,2.0,3.0,6.0,2054000,1965680,1690485,2221218,35,2104,0
80,527000.0,1400,2.0,3.0,5.0,627000,693346,624011,762681,61,2036,0
80,842000.0,1655,2.0,3.0,7.0,1450000,1317221,1159154,1462115,53,629,7
80,681044.0,2548,3.0,6.0,11.0,1300000,1303461,1238288,1368634,94,1520,30
40,96200.0,1574,1.75,4.0,8.0,1775000,1222282,1026717,1430070,20,1143,68
100,974099.0,2948,2.5,4.0,10.0,1225000,1312629,1181366,1443892,86,3276,47
100,390026.0,1900,3.0,4.0,8.0,910000,990673,921326,1050113,61,750,21
60,59999.0,1551,1.0,3.0,7.0,1510000,1510811,1329514,1677000,54,2630,14
80,185142.0,3026,3.0,5.0,10.0,2750000,2689385,2259083,3388625,56,951,25
60,46486.0,908,1.0,2.0,5.0,565000,609181,572630,651824,17,919,0
80,854620.0,1678,2.0,3.0,6.0,1200000,1226272,1152696,1348899,90,1265,1
60,138371.0,1262,2.0,3.0,5.0,675000,681631,640733,722529,42,1069,0
60,238511.0,1410,2.0,3.0,7.0,1370000,1343438,1155357,1585257,39,1421,14
100,1085810.0,3000,3.0,5.0,8.0,1545000,1500772,1365703,1650849,97,5940,16
80,165996.0,1904,2.5,3.0,7.0,800000,884347,760538,990469,62,4705,15
100,1851400.0,6500,3.0,4.0,9.0,2350000,3176703,2350760,3907345,99,6125,15
40,833000.0,1696,1.0,3.0,7.0,1005000,931783,829287,1043597,55,1304,0
60,869327.0,1275,3.0,3.0,6.0,1000000,1063136,903666,1211975,38,2668,0
40,883764.0,2054,3.0,3.0,8.0,1085000,1200976,1104898,1309064,79,791,25
80,507957.0,2437,2.5,4.0,9.0,750000,788077,748673,851123,30,1161,0
60,411891.0,2170,2.5,4.0,8.0,1450000,1518551,1381881,1715963,78,4874,27
80,155168.0,1902,2.0,4.0,7.0,795000,763125,702075,831806,61,1711,0
60,223926.0,1255,1.5,3.0,7.0,455000,460874,437830,483918,37,1889,0
40,294020.0,2493,4.0,3.0,6.0,800000,545370,496287,583546,93,455,31
60,62049.0,1543,2.0,3.0,7.0,879000,896650,824918,986315,50,2327,5
100,587000.0,1362,2.5,2.0,6.0,760000,799139,743199,847087,10,2661,6
60,489600.0,1049,1.0,2.0,5.0,645000,625491,587962,663020,28,677,1
40,600000.0,1288,1.0,3.0,6.0,768000,717805,660381,775229,23,1496,0
40,58289.0,1272,1.0,2.0,7.0,785000,775789,713726,892157,16,1454,0
80,114525.0,2300,3.0,5.0,10.0,1950100,1942440,1767620,2058986,86,2213,1
60,500308.0,1590,3.0,3.0,6.0,780500,831447,764931,897963,55,5425,10
60,183978.0,2776,3.0,5.0,9.0,999000,1137354,978124,1285210,87,2289,30
60,815000.0,2080,2.5,4.0,8.0,815000,910314,846592,974036,84,1358,25
80,616921.0,2088,3.0,3.0,8.0,840000,819611,770434,860592,70,1212,0
100,557000.0,1436,2.0,3.0,7.0,621000,668757,621944,708882,39,951,25
80,731468.0,2566,3.0,5.0,12.0,1199500,1303571,1238392,1368750,94,2063,26
60,1760750.0,2316,3.5,3.0,8.0,2138000,2033717,1911694,2176077,53,1549,44
60,563365.0,1056,2.0,3.0,6.0,715000,703339,661139,738506,28,1838,0
60,698902.0,2423,2.5,3.0,7.0,1300000,1168511,1028290,1332103,77,1071,25
60,389000.0,985,1.0,3.0,5.0,580000,592560,562932,628114,15,2457,13
60,547000.0,1092,1.0,3.0,6.0,722000,588999,559549,647899,15,2227,2
100,769926.0,1755,2.0,4.0,10.0,1625000,1388223,1235518,1513163,64,8237,104
60,70124.0,1371,2.0,3.0,6.0,1325000,1398050,1244264,1523874,72,1435,0
80,175197.0,1533,2.0,3.0,6.0,1230000,1096091,1008404,1183778,67,1080,1
100,1120000.0,2695,3.0,4.0,11.0,1265000,1354508,1246147,1449324,68,1029,46
80,381943.0,1082,2.0,2.0,5.0,465000,525093,493587,561850,1,626,0
100,446045.0,2045,3.0,4.0,9.0,735000,796700,740931,836535,92,705,20
80,463834.0,1115,2.0,3.0,6.0,1470000,1305187,1083305,1487913,34,2047,30
60,1259300.0,1638,2.0,3.0,6.0,1925000,2015236,1652494,2317521,52,1732,0
100,1620000.0,3200,0.5,5.0,7.0,4000000,2927784,2664283,3308396,84,1928,25
80,1454420.0,2145,2.5,3.0,8.0,2350000,2367095,2059373,2651146,68,2701,20
60,281030.0,1432,2.0,2.0,10.0,639500,703512,668336,759793,41,1242,11
80,438322.0,2188,2.5,4.0,10.0,893000,893898,840264,956471,87,1796,53
40,314680.0,1182,1.5,3.0,6.0,499999,504356,469051,544704,86,309,1
60,154467.0,2314,3.0,4.0,8.0,1845500,1644653,1545974,1842011,8,1352,23
80,1110500.0,2629,4.0,4.0,9.0,1110500,1208284,1111621,1329112,78,1343,0
80,1560600.0,3280,3.0,4.0,10.0,2740000,2648833,2436926,2781275,94,5389,26
60,78944.0,1525,2.0,4.0,7.0,1400000,1228812,1105931,1363981,36,1273,30
60,629247.0,1040,1.0,2.0,4.0,1825000,1598354,1454502,1742206,93,925,14
60,87578.0,1940,2.0,4.0,8.0,949000,1067151,981779,1195209,69,1736,0
100,467467.0,1789,3.0,3.0,6.0,705000,806985,750496,871544,36,3893,0
80,151619.0,2520,3.0,4.0,12.0,895000,721941,664186,758038,72,1134,35
60,410791.0,1713,3.0,4.0,7.0,1505000,1332150,1198935,1452043,54,2355,25
60,638247.0,1768,2.0,4.0,7.0,1802000,1504337,1338860,1594597,77,1756,6
40,750000.0,1494,2.0,3.0,7.0,869000,993760,894384,1162699,68,897,1
100,1710100.0,2653,3.5,4.0,10.0,2075000,1973208,1815351,2111333,50,1170,38
60,1316560.0,2574,3.0,5.0,11.0,2133000,2188576,1925947,2451205,92,4395,2
60,620000.0,2330,2.5,4.0,7.0,1063000,1017159,915443,1108703,78,1189,25
80,87389.0,1831,2.0,3.0,7.0,950000,941025,893974,1025717,70,10637,24
100,1364380.0,3293,4.0,6.0,12.0,1485000,1486986,1412637,1561335,73,917,25
40,449850.0,2184,3.5,4.0,7.0,570000,525150,488389,577665,90,2599,27
60,382361.0,3487,3.0,4.0,10.0,1750000,1800755,1692710,1944815,80,2650,50
80,423676.0,1346,2.0,3.0,6.0,875000,873101,785791,934218,54,3724,6
80,960005.0,3684,3.5,5.0,9.0,1255000,1244980,1157831,1344578,80,2253,0
60,63933.0,800,1.0,2.0,4.0,690000,664710,591592,751122,1,2396,0
80,333000.0,785,2.0,2.0,4.0,450000,437636,402625,468271,5,2314,0
80,1793620.0,3103,3.5,4.0,9.0,2165000,1977573,1799591,2175330,36,4771,21
80,488000.0,2915,4.0,3.0,14.0,529950,609433,578961,639905,96,1665,44
40,70123.0,1750,2.0,3.0,6.0,1810000,1469486,1322537,1689909,45,1392,16
60,228510.0,1080,2.0,3.0,7.0,307600,333458,316785,350131,29,847,6
80,654654.0,1560,3.0,5.0,11.0,750000,717413,652846,789154,68,1420,51
60,453642.0,2182,2.0,4.0,8.0,1260000,1365078,1242221,1528887,39,5574,27
60,65569.0,1216,2.0,3.0,6.0,1345000,1414102,1343397,1484807,74,2356,20
100,272800.0,960,2.0,2.0,2.0,500000,430615,400472,456452,54,250,1
60,140040.0,2205,3.0,3.0,3.0,469000,467573,439519,490952,70,2915,18
80,400741.0,2009,3.5,3.0,9.0,946000,899319,836367,971265,52,1560,0
40,691000.0,2613,4.0,6.0,12.0,620000,707115,636404,820253,67,1371,0
60,98664.0,2292,2.0,3.0,8.0,849100,1059671,974897,1176235,68,1539,0
80,84614.0,2180,3.0,5.0,9.0,775000,880075,774466,968082,88,1369,1
80,552510.0,1535,3.0,4.0,5.0,625000,689027,620124,771710,59,5874,7
80,432840.0,1832,3.0,3.0,7.0,569000,677657,623444,731870,5,501,0
60,712145.0,1816,2.0,3.0,8.0,1104545,1154014,1061693,1304036,77,990,0
80,265000.0,1312,3.0,2.0,8.0,325000,335436,315310,362271,24,2904,30
80,864780.0,2038,3.0,3.0,7.0,1500000,1452764,1307488,1583513,94,1611,25
40,1321570.0,1274,1.0,2.0,5.0,2530000,2042544,1552333,2634882,35,2006,25
60,646615.0,1919,2.0,4.0,7.0,1470000,1597831,1470005,1789571,85,1508,20
80,211031.0,3809,4.0,6.0,11.0,3550000,6234739,5174833,7793424,96,2977,15
60,163339.0,1600,2.0,3.0,8.0,1700000,1631483,1452020,1827261,57,2236,4
60,186744.0,1791,2.0,3.0,4.0,300000,290384,275865,307807,73,2281,41
60,601000.0,2217,3.0,3.0,8.0,790000,738303,686622,789984,82,3186,9
80,448411.0,1662,2.0,3.0,6.0,495000,581319,552253,610385,54,233,1
80,912485.0,2026,3.0,4.0,7.0,1550000,1294316,1138998,1384918,51,2476,48
40,552000.0,2430,3.0,5.0,10.0,465000,536777,493835,633397,17,838,0
80,564000.0,1080,2.0,3.0,5.0,650000,702635,660477,737767,49,1030,18
60,140108.0,1229,1.0,3.0,8.0,1415000,1671866,1471242,1855771,59,5125,5
80,809427.0,3231,3.5,4.0,6.0,1710000,2207455,1434846,2759319,87,5338,0
60,667778.0,1789,2.0,3.0,7.0,2500000,2182059,1789288,2487547,81,1329,0
80,73689.0,1756,2.0,4.0,7.0,790000,778445,731738,864074,67,1967,0
60,320977.0,1303,2.0,3.0,6.0,1035000,1085574,987872,1194131,82,1436,5
20,842000.0,1620,3.0,5.0,10.0,1440000,1412712,1285568,1539856,57,3559,10
20,726102.0,1890,2.0,3.0,7.0,1675000,1623540,1396244,1737188,29,1865,41
60,67138.0,1350,2.0,3.0,6.0,620000,631712,581175,682249,47,2068,44
60,420558.0,2150,3.0,4.0,7.0,1252000,1250950,1163383,1363535,83,3653,36
40,482100.0,1200,1.0,3.0,5.0,618000,629275,534884,704788,95,1135,11
40,702312.0,937,1.0,2.0,6.0,850000,874465,752040,970656,15,1314,3
40,817263.0,1138,1.5,2.0,7.0,890000,820582,738524,886229,49,1907,25
60,120973.0,1414,2.0,3.0,6.0,1300000,1385305,1149803,1662366,11,3727,11
100,551860.0,1500,2.0,3.0,5.0,551860,632960,575994,689926,65,2639,4
20,1196790.0,1300,1.0,3.0,8.0,1751000,1395044,1129986,1590350,65,3517,17
60,917481.0,1385,2.0,3.0,6.0,1395000,1242884,1118596,1367172,38,1585,5
60,71250.0,1508,2.0,3.0,5.0,971000,974371,847703,1110783,74,4010,2
80,243843.0,2385,3.0,5.0,9.0,870500,934837,832005,1018972,83,1065,40
80,323136.0,1617,2.0,3.0,7.0,1450000,1328215,1235240,1421190,63,2665,1
100,1245000.0,2833,3.0,4.0,11.0,1385000,1456230,1368856,1529041,72,2133,25
40,761000.0,1612,2.0,3.0,7.0,1115000,1056501,940286,1193846,75,1509,0
80,98820.0,1893,2.0,4.0,8.0,2400000,1960304,1803480,2195540,72,1274,0
40,474000.0,2000,2.0,4.0,10.0,320000,609224,542209,688423,29,1744,1
40,238490.0,1301,2.0,3.0,7.0,414000,332453,305857,362374,26,840,1
80,758630.0,1817,3.0,4.0,8.0,1250000,1211802,1151212,1272392,82,5244,18
40,704000.0,971,1.0,2.0,6.0,810000,751242,713680,788804,38,360,0
80,63556.0,1472,2.0,3.0,7.0,555000,595573,559839,625352,17,898,18
40,1795000.0,5860,4.0,4.0,12.0,2400000,2523260,1942910,3330703,95,4100,21
40,226900.0,928,1.0,2.0,5.0,440000,360743,306632,411247,8,915,1
40,260820.0,1134,3.0,5.0,6.0,360000,346801,325993,378013,31,2257,9
60,497310.0,1294,1.5,3.0,5.0,722500,784398,737334,839306,30,1760,50
60,1355810.0,2387,2.5,4.0,13.0,1800000,2074031,1887368,2260694,89,1525,14
20,79476.0,1515,2.0,3.0,6.0,530000,538229,505935,575905,60,652,12
40,400000.0,1141,1.0,3.0,3.0,595000,555846,494703,616989,57,567,14
60,505922.0,2946,3.0,5.0,10.0,1276500,1240466,1116419,1352108,82,2274,0
80,637000.0,1357,2.0,3.0,6.0,900000,856101,779052,933150,42,1093,40
40,457450.0,1382,1.5,3.0,6.0,585000,600172,558160,648186,59,365,13
60,806310.0,1184,1.5,3.0,4.0,1501000,1203373,1071002,1395913,12,3112,0
80,530406.0,1136,2.5,2.0,6.0,685000,680298,639480,721116,5,3466,25
80,721000.0,2388,3.0,4.0,12.0,1449000,1125012,1012511,1248763,91,4186,27
60,681200.0,2300,3.0,5.0,12.0,970500,1057882,994409,1163670,68,2187,25
80,164497.0,2723,4.5,5.0,11.0,1010000,1022908,930846,1135428,91,764,4
80,515436.0,2015,3.0,4.0,7.0,1035000,952399,866683,1076211,61,1653,0
100,838000.0,3204,3.0,5.0,10.0,860000,910690,865156,956224,73,5256,0
40,364200.0,2352,4.0,3.0,8.0,595000,569645,512681,615217,87,1849,0
60,689000.0,1511,2.0,3.0,5.0,962000,811344,754550,868138,40,1661,23
80,468000.0,1310,2.0,3.0,7.0,660000,626887,595543,664500,30,1416,6
60,489148.0,1518,2.0,3.0,7.0,702000,725836,689544,776645,52,2064,25
80,94327.0,1759,2.0,3.0,5.0,120000,131309,122117,137874,47,1393,31
60,126594.0,1203,1.5,3.0,6.0,701000,677740,637076,711627,41,808,1
80,493313.0,3561,3.5,5.0,11.0,1880000,1942505,1787105,2175606,86,5699,0
40,561851.0,1527,2.0,3.0,6.0,420000,869335,799788,930188,79,528,6
60,309714.0,1376,2.0,3.0,5.0,837000,804596,764366,844826,67,6359,25
40,891732.0,2556,4.0,4.0,10.0,2775000,2576838,2087239,2911827,34,4151,0
100,831922.0,3293,5.0,5.0,12.0,1540000,1474917,1386422,1548663,72,1024,25
40,44057.0,1384,2.0,4.0,4.0,85000,82695,74426,91791,25,3686,14
40,128558.0,2000,3.0,3.0,3.0,345000,356580,328054,388672,57,3254,40
60,107217.0,2164,3.0,3.0,7.0,1670000,1674853,1557613,1792093,67,1468,25
60,99410.0,1800,2.0,3.0,6.0,800000,881141,801838,951632,78,644,8
80,607994.0,1353,2.5,3.0,8.0,735000,744669,670202,819136,8,2904,19
40,310336.0,1200,1.0,2.0,6.0,1212500,1555078,1384019,1757238,16,842,6
60,68063.0,1284,2.0,3.0,5.0,1110000,999649,869695,1129603,76,1159,0
20,938280.0,2508,3.5,4.0,9.0,850000,1242106,1142738,1329053,98,2426,0
60,86261.0,2284,2.0,3.0,6.0,1425000,1525319,1418547,1662598,23,6269,5
60,41419.0,1240,1.0,2.0,5.0,745000,633545,582861,677893,21,2839,45
40,760780.0,1794,4.0,3.0,7.0,670000,816961,759774,890487,27,2336,0
80,439000.0,1351,2.0,3.0,7.0,702000,642245,590865,687202,36,1098,25
80,533841.0,1439,2.0,3.0,6.0,685000,664109,610980,710597,77,2110,0
100,912000.0,2810,3.0,4.0,10.0,1075000,1077747,1013082,1153189,57,1443,17
80,300100.0,760,2.0,2.0,4.0,425000,424314,398855,445530,3,3036,13
100,686760.0,1919,2.5,2.0,2.0,1060000,1082081,984694,1201110,93,332,0
80,1606000.0,2310,3.0,4.0,10.0,2300000,2075340,1743286,2345134,90,2765,6
60,384471.0,2063,2.0,4.0,7.0,1100000,1154751,1073918,1258679,86,1240,30
60,65619.0,1180,2.0,3.0,5.0,968000,926293,824401,1018922,14,1721,0
60,84757.0,1568,2.0,4.0,7.0,1355000,1395473,1255926,1521066,42,1771,0
40,279317.0,2500,3.0,4.0,4.0,555000,565388,520157,604965,79,1230,1
40,735808.0,2695,3.5,4.0,7.0,2425000,2878188,2014732,3684081,95,1872,13
80,1040000.0,2801,3.0,5.0,11.0,1200000,1260613,1147158,1374068,84,1559,0
60,415656.0,1300,2.0,3.0,5.0,890000,850722,757143,978330,48,2634,33
100,461000.0,1438,2.5,3.0,7.0,680000,641969,590611,699746,36,1051,22
40,291000.0,1460,2.0,3.0,9.0,591000,408289,383792,436869,35,960,2
40,271146.0,1164,1.0,2.0,5.0,580000,683631,622104,738321,26,795,0
100,528766.0,2670,2.5,3.0,3.0,690000,831476,673496,964512,77,5674,1
60,54901.0,840,1.0,2.0,5.0,565000,552125,496913,601816,8,964,9
100,1679530.0,5532,6.0,6.0,12.0,1300000,1603921,1507686,1716195,98,2607,0
60,683582.0,1370,2.0,3.0,7.0,985000,1063016,956714,1158687,20,4163,29
100,1955370.0,4297,3.5,5.0,9.0,2037000,2776448,2554332,3081857,97,9973,88
60,548871.0,1998,3.0,3.0,8.0,899000,978758,910245,1047271,81,1899,25
40,309060.0,1800,2.0,3.0,7.0,410000,394337,374620,414054,46,986,0
80,403305.0,1619,2.0,3.0,7.0,535000,535970,509172,568128,32,1032,0
60,607851.0,1040,2.0,4.0,5.0,655000,688026,646744,729308,44,1381,0
60,63556.0,858,1.0,2.0,4.0,2211000,1301891,1145664,1471137,15,5682,1
60,656000.0,1140,2.0,3.0,5.0,715000,727634,676700,771292,50,2382,9
20,81095.0,1239,1.0,2.0,4.0,330000,368677,309689,401858,12,888,0
100,1314000.0,3345,4.0,5.0,10.0,1812500,1795847,1688096,1903598,84,2060,25
80,697255.0,2202,2.0,3.0,7.0,1063000,1053931,948538,1127706,20,1725,4
80,524800.0,2306,3.0,4.0,9.0,1082000,1060918,997263,1135182,82,2429,60
80,100749.0,2349,2.5,4.0,8.0,1435000,1334225,1254171,1454305,52,1521,5
20,815994.0,1052,1.0,2.0,8.0,1400000,1090246,904904,1253783,77,1838,23
40,322000.0,1973,2.0,3.0,10.0,545000,502863,442519,548121,29,2508,56
60,513623.0,1166,2.0,3.0,6.0,640000,679576,632006,713555,42,1657,0
80,806310.0,1404,3.0,3.0,6.0,1112000,1105414,994873,1204901,22,2729,0
100,608000.0,1456,3.0,3.0,6.0,695000,765489,704250,811418,42,2714,1
80,210504.0,1216,2.0,2.0,5.0,718000,780232,725616,827046,7,3615,48
40,703000.0,3340,3.0,5.0,12.0,710000,742974,705825,809842,87,2034,0
40,1050300.0,3712,4.0,7.0,14.0,1425000,4523203,3844723,5880164,91,1928,4
80,802146.0,1465,2.0,3.0,7.0,1530000,1371512,1179500,1577239,68,1218,24
100,798000.0,3178,3.0,4.0,11.0,970000,919934,873937,965931,88,3097,24
60,370237.0,1850,2.0,3.0,7.0,700100,701871,638703,765039,79,1032,1
60,1507000.0,2043,2.0,4.0,7.0,1960000,1826562,1716968,1954421,22,4317,68
60,59997.0,1222,2.0,3.0,4.0,1050000,943318,811253,1113115,26,5791,1
80,292685.0,2104,3.0,4.0,9.0,750000,807382,742791,855825,68,948,8
60,780289.0,1640,2.0,3.0,6.0,1865000,1754515,1561518,1965057,62,880,0
80,449820.0,1400,2.0,3.0,6.0,680000,687123,645896,755835,76,1841,0
80,647031.0,2199,3.0,4.0,10.0,1170000,1165187,1048668,1235098,93,2478,25
60,804936.0,2562,2.5,3.0,8.0,1250000,1612309,1451078,1854155,92,1005,26
80,119464.0,1947,3.0,4.0,9.0,1420000,1498398,1348558,1603286,77,1934,7
80,657900.0,2296,2.0,4.0,8.0,860000,1011643,930712,1122924,82,3085,1
100,983241.0,1629,3.0,4.0,8.0,1455000,1280228,1075392,1472262,93,1777,23
40,2826660.0,2988,3.5,5.0,9.0,2850000,3004954,2494112,3545846,94,2872,5
40,1041390.0,1500,2.0,3.0,8.0,925000,1474629,1268181,1710570,46,3057,2
80,464504.0,2088,3.0,4.0,8.0,880000,958368,881699,1063788,62,1721,54
100,1794140.0,1915,3.5,4.0,6.0,2395000,2462313,2092966,2954776,90,2579,0
60,63750.0,1120,2.0,3.0,5.0,1855000,1954440,1387652,2599405,72,1397,0
80,728771.0,4026,3.5,6.0,6.0,2400000,2590929,2461383,2772294,96,3848,6
40,1080840.0,1981,3.0,3.0,10.0,1891000,1851970,1574175,2037167,51,2107,0
80,129516.0,1758,2.0,4.0,8.0,1300500,1026005,882364,1138866,58,3037,17
60,67309.0,1273,2.0,4.0,7.0,1500000,1234682,1135907,1395191,52,2445,25
40,2068100.0,2702,3.5,5.0,10.0,4098000,4041266,3717965,4243329,81,4298,23
40,374430.0,1115,1.0,2.0,5.0,825000,982846,864904,1140101,67,503,12
100,863752.0,2263,2.5,4.0,9.0,1170000,1147675,1067338,1239489,90,3180,17
20,1175970.0,3295,4.0,5.0,7.0,3658000,4232321,2751009,5332724,90,2530,59
60,70505.0,1663,2.0,3.0,6.0,1312000,1274685,1198204,1414900,35,5645,9
40,201874.0,2300,3.0,4.0,7.0,900000,1357181,1221463,1492899,88,989,15
60,867000.0,1375,2.0,4.0,7.0,1400000,1216619,1058459,1362613,90,1923,2
60,1241800.0,3160,4.0,4.0,6.0,1808000,1662376,1496138,1795366,97,1373,0
60,66373.0,1350,1.0,3.0,5.0,955000,856135,744837,916064,40,1444,15
60,807090.0,1897,3.0,4.0,8.0,1100000,1045814,909858,1150395,81,3613,22
40,365340.0,1002,2.0,3.0,6.0,460000,434537,404119,477991,61,760,1
60,776739.0,887,2.0,3.0,4.0,1040000,998077,808442,1087904,70,3943,28
100,543538.0,2177,2.0,5.0,9.0,1865000,1648464,1500102,1780341,89,1340,0
80,353186.0,2855,2.0,4.0,4.0,525000,524206,487512,560900,87,982,10
60,102495.0,1928,3.0,4.0,7.0,1550000,1661733,1545412,1761437,90,2857,16
40,923800.0,2225,2.0,4.0,9.0,1550000,927950,798037,1020745,74,1130,0
100,1422900.0,3440,3.5,4.0,9.0,1655000,1820484,1583821,2148171,91,5976,43
60,78383.0,1768,3.0,4.0,8.0,930000,957458,880861,1034055,79,2106,0
60,297783.0,1131,2.0,2.0,2.0,475000,557814,474142,652642,59,310,1
60,1197950.0,1989,3.0,4.0,7.0,2202000,2018776,1715960,2240841,75,2129,46
100,524212.0,2807,3.0,5.0,10.0,952500,948484,891575,995908,77,1586,0
40,239089.0,2184,1.0,2.0,8.0,1150000,1372168,1193786,1619158,45,233,15
60,169522.0,2082,2.0,4.0,10.0,1376000,1493494,1314275,1672713,73,752,0
80,932192.0,1642,2.5,3.0,6.0,1000000,1267976,1077780,1508891,68,4828,9
40,607000.0,2180,3.0,4.0,11.0,525000,550016,522515,594017,37,950,1
80,170510.0,2125,3.0,5.0,9.0,2500000,2489856,2240870,2639247,47,4089,0
40,1123930.0,2748,5.0,5.0,12.0,1000000,1298015,1194174,1362916,88,2013,60
60,1115390.0,1812,2.5,3.0,7.0,1615000,1617918,1488485,1731172,88,2066,15
100,842583.0,3529,4.0,6.0,11.0,1100000,1152141,1059970,1209748,89,1945,25
80,230734.0,1902,3.0,4.0,8.0,1565000,1605710,1493310,1718110,85,6378,26
60,58868.0,1246,1.0,3.0,6.0,1300000,1236686,1100651,1409822,31,1840,15
20,1670980.0,7360,3.5,6.0,14.0,5000000,6511100,5599546,7878431,98,2957,56
40,643770.0,1334,2.0,3.0,6.0,789000,745224,670702,797390,14,1001,18
60,53799.0,1762,1.5,3.0,7.0,850000,831767,781861,873355,73,1209,13
100,1458000.0,4064,4.5,5.0,11.0,1775000,1742567,1620587,1847121,83,3434,5
80,820500.0,3160,2.5,4.0,11.0,831500,920817,874776,1022107,82,4563,31
80,525142.0,2215,2.0,4.0,9.0,1130000,1155597,1074705,1248045,75,6804,20
40,408221.0,1232,2.0,3.0,6.0,575000,574996,540496,609496,14,2421,21
100,1006890.0,1804,3.0,3.0,6.0,1425000,1424494,1267800,1552698,60,4611,0
100,849000.0,2450,3.0,4.0,10.0,1191000,1163566,1082116,1245016,91,1766,5
80,459000.0,1780,3.0,3.0,8.0,800000,734141,675410,800214,84,3026,32
40,249350.0,750,1.0,1.0,3.0,676000,695732,640073,758348,11,488,15
20,898897.0,1800,2.0,2.0,8.0,1550000,1135783,908626,1385655,49,1307,72
80,610858.0,2756,3.0,4.0,9.0,1339000,1279510,1164354,1420256,50,1934,0
80,462149.0,1708,2.0,4.0,7.0,825000,752961,662606,828257,23,659,13
100,1757000.0,4827,4.0,6.0,10.0,2100000,2109474,1961811,2257137,92,11654,73
60,520000.0,980,1.0,3.0,6.0,644500,613368,570432,656304,29,991,48
80,426000.0,1284,2.0,3.0,6.0,660000,607203,558627,667923,17,3862,56
40,873685.0,3076,2.0,4.0,7.0,1700000,1889631,1757357,2078594,84,5672,2
60,85136.0,2022,2.5,3.0,7.0,1520000,1577532,1435554,1719510,58,1976,15
80,302803.0,2316,3.0,5.0,10.0,1016000,1028738,925864,1111037,64,854,0
80,720000.0,2125,3.0,4.0,8.0,875000,861273,800984,921562,47,1044,30
60,472150.0,1347,2.0,3.0,6.0,765000,1084301,943342,1214417,77,3731,15
60,86071.0,1603,2.0,3.0,6.0,1420500,1319649,1214077,1438417,51,1435,0
100,895292.0,3040,3.0,5.0,10.0,1600000,1570138,1491631,1648645,75,2511,25
80,613836.0,1533,2.5,3.0,8.0,880000,892442,803198,954913,54,11468,6
100,1187000.0,3429,4.0,4.0,12.0,1405000,1423458,1338051,1523100,71,1390,75
40,715000.0,2802,2.0,5.0,14.0,870000,980704,892441,1098388,68,679,2
80,416014.0,1367,2.0,3.0,5.0,1350000,1306231,1136421,1410729,49,2370,0
60,89588.0,1420,2.0,3.0,7.0,488000,664884,605044,744670,56,2134,1
40,700644.0,1163,2.0,3.0,5.0,950000,728456,648326,823155,3,2340,0
60,438433.0,1592,2.0,3.0,8.0,1495000,1479944,1198755,1790732,14,1371,50
40,34472.0,1135,2.0,3.0,6.0,560000,506558,466033,542017,50,1970,0
100,1034000.0,1760,3.0,3.0,7.0,1225000,1118161,1017527,1207614,37,2878,75
20,53427.0,2100,2.0,3.0,8.0,1492000,1846497,1606452,2086542,67,5799,1
40,536686.0,1640,2.0,3.0,8.0,1050000,1113162,1057504,1191083,52,508,0
80,61869.0,1370,2.0,3.0,6.0,701000,758234,712740,796146,58,2385,15
60,145470.0,1184,2.0,3.0,6.0,155000,176517,167691,190638,15,1184,2
60,437712.0,1840,2.0,4.0,9.0,725000,847796,754538,949532,86,1595,0
40,909996.0,1400,1.5,3.0,7.0,1265000,1232082,1010307,1379932,61,1438,4
20,628938.0,1700,2.0,3.0,8.0,600000,1084817,965487,1269236,39,2613,32
80,420106.0,1431,2.0,3.0,6.0,835000,907564,834959,980169,19,2370,19
100,1147000.0,3780,5.0,7.0,19.0,2460000,2205042,1962487,2447597,73,911,1
60,1108330.0,1548,2.0,3.0,6.0,2050000,1975739,1620106,2311615,61,1866,44
40,328880.0,2368,4.0,4.0,16.0,325000,490041,441037,534145,48,178,1
60,327215.0,1386,2.0,2.0,8.0,882000,871782,802039,967678,57,507,0
80,273476.0,1561,2.0,3.0,6.0,560000,600937,546853,630984,62,1260,16
80,73313.0,1136,2.0,3.0,5.0,1070000,1044448,877336,1159337,19,2279,26
60,74256.0,1240,2.0,3.0,7.0,2180000,1473107,1266872,1752997,53,977,0
40,454360.0,702,2.0,2.0,5.0,580000,489560,440604,543412,18,204,1
40,567080.0,3016,4.0,4.0,7.0,680000,631260,574447,694386,98,849,18
80,790245.0,2353,3.0,3.0,9.0,1035000,984567,895956,1073178,16,2480,75
60,316091.0,1040,2.0,3.0,5.0,754000,690241,641924,745460,17,2271,16
80,205483.0,1274,1.5,2.0,5.0,820000,675568,608011,770148,22,1177,26
80,547608.0,2036,2.0,4.0,8.0,840000,827476,753003,885399,71,1466,46
80,602000.0,1181,2.0,2.0,5.0,700000,1346065,1023009,1628739,42,518,0
60,190646.0,2036,3.0,4.0,4.0,300000,293728,258481,320164,31,3354,1
40,861900.0,1614,2.0,3.0,8.0,3200000,1504923,1203938,1805908,50,2928,0
40,265830.0,2100,2.0,4.0,7.0,355000,374202,344266,415364,44,765,1
80,63554.0,1574,2.0,4.0,8.0,783000,628383,596964,672370,22,1429,36
60,405906.0,3190,3.0,4.0,8.0,1500000,1685963,1534226,1888279,68,2631,0
60,556067.0,1759,2.0,3.0,5.0,708277,830067,755361,896472,45,6115,20
100,450000.0,1325,3.0,2.0,6.0,540000,533002,495692,570312,23,2361,15
80,1372970.0,2852,4.0,6.0,12.0,1480000,1637554,1441048,1768558,90,11955,11
100,939049.0,3476,4.5,3.0,10.0,1560000,1889130,1719108,2078043,86,869,75
